n,obj_coef,Method,Honesty,rel_risk
100,0,"StochOptForest
(apx-soln)",yes,1.4165607431939646
100,0,"StochOptForest
(apx-soln)",yes,1.404110007620976
100,0,"StochOptForest
(apx-soln)",yes,1.4562492116889434
100,0,"StochOptForest
(apx-soln)",yes,1.4008410482036375
100,0,"StochOptForest
(apx-soln)",yes,1.5053180449504262
100,0,"StochOptForest
(apx-soln)",yes,1.4176378351251397
100,0,"StochOptForest
(apx-soln)",yes,1.489894484480526
100,0,"StochOptForest
(apx-soln)",yes,1.55871679273988
100,0,"StochOptForest
(apx-soln)",yes,1.5925736166129008
100,0,"StochOptForest
(apx-soln)",yes,1.4166071965097493
100,0,"StochOptForest
(apx-soln)",yes,1.8240223055618534
100,0,"StochOptForest
(apx-soln)",yes,1.4646988156503098
100,0,"StochOptForest
(apx-soln)",yes,1.419897105299313
100,0,"StochOptForest
(apx-soln)",yes,1.4188289314771791
100,0,"StochOptForest
(apx-soln)",yes,1.829076717701879
100,0,"StochOptForest
(apx-soln)",yes,1.4137331640941462
100,0,"StochOptForest
(apx-soln)",yes,1.427274602087348
100,0,"StochOptForest
(apx-soln)",yes,1.4673292826171427
100,0,"StochOptForest
(apx-soln)",yes,1.5854788947466667
100,0,"StochOptForest
(apx-soln)",yes,1.4638034941340394
100,0,"StochOptForest
(apx-soln)",yes,1.6765237663355097
100,0,"StochOptForest
(apx-soln)",yes,1.4310268369762582
100,0,"StochOptForest
(apx-soln)",yes,1.526863113756152
100,0,"StochOptForest
(apx-soln)",yes,1.5051726562281422
100,0,"StochOptForest
(apx-soln)",yes,1.4354851606061716
100,0,"StochOptForest
(apx-soln)",yes,1.6010359404718155
100,0,"StochOptForest
(apx-soln)",yes,1.4228540988056544
100,0,"StochOptForest
(apx-soln)",yes,1.5066821327041542
100,0,"StochOptForest
(apx-soln)",yes,1.4443436216715853
100,0,"StochOptForest
(apx-soln)",yes,1.5417873712862769
100,0,"StochOptForest
(apx-soln)",yes,1.4976120749146984
100,0,"StochOptForest
(apx-soln)",yes,1.6169363868633924
100,0,"StochOptForest
(apx-soln)",yes,1.4644234964426897
100,0,"StochOptForest
(apx-soln)",yes,1.519060358773992
100,0,"StochOptForest
(apx-soln)",yes,1.4576517251611498
100,0,"StochOptForest
(apx-soln)",yes,1.4808289285884937
100,0,"StochOptForest
(apx-soln)",yes,1.4510708298722257
100,0,"StochOptForest
(apx-soln)",yes,1.589605188606644
100,0,"StochOptForest
(apx-soln)",yes,1.69402556103419
100,0,"StochOptForest
(apx-soln)",yes,1.4001760352310233
100,0,"StochOptForest
(apx-soln)",yes,1.5480057048754583
100,0,"StochOptForest
(apx-soln)",yes,1.470151486668086
100,0,"StochOptForest
(apx-soln)",yes,1.474155844275474
100,0,"StochOptForest
(apx-soln)",yes,1.519886934280469
100,0,"StochOptForest
(apx-soln)",yes,1.62950025240652
100,0,"StochOptForest
(apx-soln)",yes,1.4647958143786697
100,0,"StochOptForest
(apx-soln)",yes,1.5836449797322794
100,0,"StochOptForest
(apx-soln)",yes,1.5767684566130906
100,0,"StochOptForest
(apx-soln)",yes,1.5085058881522144
100,0,"StochOptForest
(apx-soln)",yes,1.4106298765812513
100,0,"StochOptForest
(apx-soln)",no,1.456059164268473
100,0,"StochOptForest
(apx-soln)",no,1.441207674823358
100,0,"StochOptForest
(apx-soln)",no,1.4477393099311855
100,0,"StochOptForest
(apx-soln)",no,1.3747147416269694
100,0,"StochOptForest
(apx-soln)",no,1.4151803781269068
100,0,"StochOptForest
(apx-soln)",no,1.4396788321854517
100,0,"StochOptForest
(apx-soln)",no,1.4766801163504186
100,0,"StochOptForest
(apx-soln)",no,1.5451950329797561
100,0,"StochOptForest
(apx-soln)",no,1.5867465420965532
100,0,"StochOptForest
(apx-soln)",no,1.385669586103693
100,0,"StochOptForest
(apx-soln)",no,1.7318561678695386
100,0,"StochOptForest
(apx-soln)",no,1.4499593791187737
100,0,"StochOptForest
(apx-soln)",no,1.4219461160482574
100,0,"StochOptForest
(apx-soln)",no,1.448729077018992
100,0,"StochOptForest
(apx-soln)",no,1.6388897612027329
100,0,"StochOptForest
(apx-soln)",no,1.4406790646796719
100,0,"StochOptForest
(apx-soln)",no,1.3629669269419664
100,0,"StochOptForest
(apx-soln)",no,1.4536959272713625
100,0,"StochOptForest
(apx-soln)",no,1.6022604355280847
100,0,"StochOptForest
(apx-soln)",no,1.4583719297533833
100,0,"StochOptForest
(apx-soln)",no,1.6772119480129521
100,0,"StochOptForest
(apx-soln)",no,1.3440604517268981
100,0,"StochOptForest
(apx-soln)",no,1.4699788979070112
100,0,"StochOptForest
(apx-soln)",no,1.5418218382286677
100,0,"StochOptForest
(apx-soln)",no,1.467514741730331
100,0,"StochOptForest
(apx-soln)",no,1.5497529375314023
100,0,"StochOptForest
(apx-soln)",no,1.4210556737433453
100,0,"StochOptForest
(apx-soln)",no,1.4847992700626882
100,0,"StochOptForest
(apx-soln)",no,1.4405538569028147
100,0,"StochOptForest
(apx-soln)",no,1.555010489488281
100,0,"StochOptForest
(apx-soln)",no,1.5323539835594422
100,0,"StochOptForest
(apx-soln)",no,1.5889982616369847
100,0,"StochOptForest
(apx-soln)",no,1.4000940690063095
100,0,"StochOptForest
(apx-soln)",no,1.490743700257249
100,0,"StochOptForest
(apx-soln)",no,1.4328039473762726
100,0,"StochOptForest
(apx-soln)",no,1.4743604931856888
100,0,"StochOptForest
(apx-soln)",no,1.447989384785397
100,0,"StochOptForest
(apx-soln)",no,1.404133581956837
100,0,"StochOptForest
(apx-soln)",no,1.570096566220037
100,0,"StochOptForest
(apx-soln)",no,1.489207945133681
100,0,"StochOptForest
(apx-soln)",no,1.5472513532325995
100,0,"StochOptForest
(apx-soln)",no,1.5239736589514055
100,0,"StochOptForest
(apx-soln)",no,1.4754765327874961
100,0,"StochOptForest
(apx-soln)",no,1.4903084270302989
100,0,"StochOptForest
(apx-soln)",no,1.6729398995295985
100,0,"StochOptForest
(apx-soln)",no,1.492895710615864
100,0,"StochOptForest
(apx-soln)",no,1.5350987331501673
100,0,"StochOptForest
(apx-soln)",no,1.5647544426123237
100,0,"StochOptForest
(apx-soln)",no,1.539770638603661
100,0,"StochOptForest
(apx-soln)",no,1.3432312913012836
100,0,"StochOptForest
(apx-risk)",yes,1.4290777707553877
100,0,"StochOptForest
(apx-risk)",yes,1.4158254821857221
100,0,"StochOptForest
(apx-risk)",yes,1.4543854024917375
100,0,"StochOptForest
(apx-risk)",yes,1.3996712646053278
100,0,"StochOptForest
(apx-risk)",yes,1.4443100784403444
100,0,"StochOptForest
(apx-risk)",yes,1.401744962033177
100,0,"StochOptForest
(apx-risk)",yes,1.4780831441598286
100,0,"StochOptForest
(apx-risk)",yes,1.549218218845806
100,0,"StochOptForest
(apx-risk)",yes,1.5956715002786914
100,0,"StochOptForest
(apx-risk)",yes,1.4270739860034038
100,0,"StochOptForest
(apx-risk)",yes,1.8235213773011596
100,0,"StochOptForest
(apx-risk)",yes,1.4666035201864258
100,0,"StochOptForest
(apx-risk)",yes,1.4222921589517583
100,0,"StochOptForest
(apx-risk)",yes,1.429570024332614
100,0,"StochOptForest
(apx-risk)",yes,1.8418394374228442
100,0,"StochOptForest
(apx-risk)",yes,1.4125844526854185
100,0,"StochOptForest
(apx-risk)",yes,1.4296647575151011
100,0,"StochOptForest
(apx-risk)",yes,1.4589259751124248
100,0,"StochOptForest
(apx-risk)",yes,1.5863562552928008
100,0,"StochOptForest
(apx-risk)",yes,1.4968352816652732
100,0,"StochOptForest
(apx-risk)",yes,1.674283225992871
100,0,"StochOptForest
(apx-risk)",yes,1.416983510679587
100,0,"StochOptForest
(apx-risk)",yes,1.5303687791080736
100,0,"StochOptForest
(apx-risk)",yes,1.4942973686021914
100,0,"StochOptForest
(apx-risk)",yes,1.443137122109904
100,0,"StochOptForest
(apx-risk)",yes,1.6311535541071303
100,0,"StochOptForest
(apx-risk)",yes,1.4231538378204238
100,0,"StochOptForest
(apx-risk)",yes,1.5113962149310596
100,0,"StochOptForest
(apx-risk)",yes,1.440945120702194
100,0,"StochOptForest
(apx-risk)",yes,1.5422733825045511
100,0,"StochOptForest
(apx-risk)",yes,1.4952450954966525
100,0,"StochOptForest
(apx-risk)",yes,1.5975955991253026
100,0,"StochOptForest
(apx-risk)",yes,1.4348561228627814
100,0,"StochOptForest
(apx-risk)",yes,1.5196297390835132
100,0,"StochOptForest
(apx-risk)",yes,1.435824236898896
100,0,"StochOptForest
(apx-risk)",yes,1.4794532374008897
100,0,"StochOptForest
(apx-risk)",yes,1.458455839605383
100,0,"StochOptForest
(apx-risk)",yes,1.5866060510557187
100,0,"StochOptForest
(apx-risk)",yes,1.687132903775888
100,0,"StochOptForest
(apx-risk)",yes,1.3707125661854234
100,0,"StochOptForest
(apx-risk)",yes,1.5470073179701767
100,0,"StochOptForest
(apx-risk)",yes,1.4586001773691055
100,0,"StochOptForest
(apx-risk)",yes,1.476647385042316
100,0,"StochOptForest
(apx-risk)",yes,1.516559712947428
100,0,"StochOptForest
(apx-risk)",yes,1.6370219140015885
100,0,"StochOptForest
(apx-risk)",yes,1.4661490919007765
100,0,"StochOptForest
(apx-risk)",yes,1.55768005744021
100,0,"StochOptForest
(apx-risk)",yes,1.5864804902457972
100,0,"StochOptForest
(apx-risk)",yes,1.5070803984329673
100,0,"StochOptForest
(apx-risk)",yes,1.4186863969464192
100,0,"StochOptForest
(apx-risk)",no,1.463721633575676
100,0,"StochOptForest
(apx-risk)",no,1.4303515386984478
100,0,"StochOptForest
(apx-risk)",no,1.443054428901877
100,0,"StochOptForest
(apx-risk)",no,1.3523378939424129
100,0,"StochOptForest
(apx-risk)",no,1.4873592921316938
100,0,"StochOptForest
(apx-risk)",no,1.4310304142241885
100,0,"StochOptForest
(apx-risk)",no,1.4677947369470195
100,0,"StochOptForest
(apx-risk)",no,1.5155654563143415
100,0,"StochOptForest
(apx-risk)",no,1.5843368750294644
100,0,"StochOptForest
(apx-risk)",no,1.4190947442646902
100,0,"StochOptForest
(apx-risk)",no,1.7444876242907734
100,0,"StochOptForest
(apx-risk)",no,1.4311006689840577
100,0,"StochOptForest
(apx-risk)",no,1.4379236270437559
100,0,"StochOptForest
(apx-risk)",no,1.4237490312781425
100,0,"StochOptForest
(apx-risk)",no,1.599848206607391
100,0,"StochOptForest
(apx-risk)",no,1.3864068738708284
100,0,"StochOptForest
(apx-risk)",no,1.36248541458513
100,0,"StochOptForest
(apx-risk)",no,1.4269984131561362
100,0,"StochOptForest
(apx-risk)",no,1.5787227776829398
100,0,"StochOptForest
(apx-risk)",no,1.4850807378619142
100,0,"StochOptForest
(apx-risk)",no,1.682188907886368
100,0,"StochOptForest
(apx-risk)",no,1.4077281805349156
100,0,"StochOptForest
(apx-risk)",no,1.5126979063610866
100,0,"StochOptForest
(apx-risk)",no,1.5078977904744215
100,0,"StochOptForest
(apx-risk)",no,1.457059061030922
100,0,"StochOptForest
(apx-risk)",no,1.5637087904067608
100,0,"StochOptForest
(apx-risk)",no,1.4394467356195761
100,0,"StochOptForest
(apx-risk)",no,1.4910803487785218
100,0,"StochOptForest
(apx-risk)",no,1.463633680321548
100,0,"StochOptForest
(apx-risk)",no,1.5479867168315817
100,0,"StochOptForest
(apx-risk)",no,1.5072011424931815
100,0,"StochOptForest
(apx-risk)",no,1.57732495749693
100,0,"StochOptForest
(apx-risk)",no,1.4156416057822347
100,0,"StochOptForest
(apx-risk)",no,1.4874861931858678
100,0,"StochOptForest
(apx-risk)",no,1.3767669724408613
100,0,"StochOptForest
(apx-risk)",no,1.4703200550181927
100,0,"StochOptForest
(apx-risk)",no,1.4564210959278179
100,0,"StochOptForest
(apx-risk)",no,1.3641348477871915
100,0,"StochOptForest
(apx-risk)",no,1.5533347909893163
100,0,"StochOptForest
(apx-risk)",no,1.4843267885396103
100,0,"StochOptForest
(apx-risk)",no,1.554081408045344
100,0,"StochOptForest
(apx-risk)",no,1.4882521798724448
100,0,"StochOptForest
(apx-risk)",no,1.4891987511190146
100,0,"StochOptForest
(apx-risk)",no,1.5016635775816187
100,0,"StochOptForest
(apx-risk)",no,1.6171980112698838
100,0,"StochOptForest
(apx-risk)",no,1.4378711440152943
100,0,"StochOptForest
(apx-risk)",no,1.5331855336976468
100,0,"StochOptForest
(apx-risk)",no,1.5286044717366325
100,0,"StochOptForest
(apx-risk)",no,1.4966987834765757
100,0,"StochOptForest
(apx-risk)",no,1.361871699540281
200,0,"StochOptForest
(apx-soln)",yes,1.4146367383323595
200,0,"StochOptForest
(apx-soln)",yes,1.4943384353527003
200,0,"StochOptForest
(apx-soln)",yes,1.4682996830701143
200,0,"StochOptForest
(apx-soln)",yes,1.4679728358706536
200,0,"StochOptForest
(apx-soln)",yes,1.4712751381622222
200,0,"StochOptForest
(apx-soln)",yes,1.493596734598015
200,0,"StochOptForest
(apx-soln)",yes,1.4508680551677755
200,0,"StochOptForest
(apx-soln)",yes,1.43782980378331
200,0,"StochOptForest
(apx-soln)",yes,1.4478809469130682
200,0,"StochOptForest
(apx-soln)",yes,1.409060636375837
200,0,"StochOptForest
(apx-soln)",yes,1.5179808022524217
200,0,"StochOptForest
(apx-soln)",yes,1.419962756252345
200,0,"StochOptForest
(apx-soln)",yes,1.4957458101477188
200,0,"StochOptForest
(apx-soln)",yes,1.4007705416386713
200,0,"StochOptForest
(apx-soln)",yes,1.4235697839940054
200,0,"StochOptForest
(apx-soln)",yes,1.4408231391480657
200,0,"StochOptForest
(apx-soln)",yes,1.4972579430058524
200,0,"StochOptForest
(apx-soln)",yes,1.4576457997532413
200,0,"StochOptForest
(apx-soln)",yes,1.420618137653621
200,0,"StochOptForest
(apx-soln)",yes,1.487887620451469
200,0,"StochOptForest
(apx-soln)",yes,1.6361768025641885
200,0,"StochOptForest
(apx-soln)",yes,1.4535352317515213
200,0,"StochOptForest
(apx-soln)",yes,1.430727537120529
200,0,"StochOptForest
(apx-soln)",yes,1.540665617306742
200,0,"StochOptForest
(apx-soln)",yes,1.3608165797521865
200,0,"StochOptForest
(apx-soln)",yes,1.4428187335493545
200,0,"StochOptForest
(apx-soln)",yes,1.471016271034471
200,0,"StochOptForest
(apx-soln)",yes,1.4008135365445122
200,0,"StochOptForest
(apx-soln)",yes,1.8706134130703274
200,0,"StochOptForest
(apx-soln)",yes,1.4039157245836016
200,0,"StochOptForest
(apx-soln)",yes,1.3891549155892562
200,0,"StochOptForest
(apx-soln)",yes,1.4375991585947345
200,0,"StochOptForest
(apx-soln)",yes,1.4390036763160001
200,0,"StochOptForest
(apx-soln)",yes,1.4803523211813487
200,0,"StochOptForest
(apx-soln)",yes,1.4662487434618245
200,0,"StochOptForest
(apx-soln)",yes,1.4508140578334685
200,0,"StochOptForest
(apx-soln)",yes,1.4388334053559029
200,0,"StochOptForest
(apx-soln)",yes,1.5839574228769138
200,0,"StochOptForest
(apx-soln)",yes,1.4535608972705563
200,0,"StochOptForest
(apx-soln)",yes,1.4995172098721363
200,0,"StochOptForest
(apx-soln)",yes,1.4701331150104107
200,0,"StochOptForest
(apx-soln)",yes,1.4825035852476953
200,0,"StochOptForest
(apx-soln)",yes,1.4382830678868501
200,0,"StochOptForest
(apx-soln)",yes,1.4796626386264562
200,0,"StochOptForest
(apx-soln)",yes,1.4436746413985735
200,0,"StochOptForest
(apx-soln)",yes,1.4859038967964946
200,0,"StochOptForest
(apx-soln)",yes,1.5029224785926998
200,0,"StochOptForest
(apx-soln)",yes,1.3868016599645356
200,0,"StochOptForest
(apx-soln)",yes,1.4087148226735036
200,0,"StochOptForest
(apx-soln)",yes,1.4447526466500966
200,0,"StochOptForest
(apx-soln)",no,1.4200262415234175
200,0,"StochOptForest
(apx-soln)",no,1.4903007704751918
200,0,"StochOptForest
(apx-soln)",no,1.3675982286861672
200,0,"StochOptForest
(apx-soln)",no,1.454279765855954
200,0,"StochOptForest
(apx-soln)",no,1.4654339785621706
200,0,"StochOptForest
(apx-soln)",no,1.3852226495294626
200,0,"StochOptForest
(apx-soln)",no,1.4268089559685906
200,0,"StochOptForest
(apx-soln)",no,1.415171947294331
200,0,"StochOptForest
(apx-soln)",no,1.3884311918069654
200,0,"StochOptForest
(apx-soln)",no,1.3550350516456007
200,0,"StochOptForest
(apx-soln)",no,1.4156377028992506
200,0,"StochOptForest
(apx-soln)",no,1.43058680586808
200,0,"StochOptForest
(apx-soln)",no,1.4600224431311766
200,0,"StochOptForest
(apx-soln)",no,1.3713012068029597
200,0,"StochOptForest
(apx-soln)",no,1.3931141209034295
200,0,"StochOptForest
(apx-soln)",no,1.4246189155985247
200,0,"StochOptForest
(apx-soln)",no,1.4847660261119697
200,0,"StochOptForest
(apx-soln)",no,1.418602586990439
200,0,"StochOptForest
(apx-soln)",no,1.3686925274580233
200,0,"StochOptForest
(apx-soln)",no,1.390648464650281
200,0,"StochOptForest
(apx-soln)",no,1.590862797993804
200,0,"StochOptForest
(apx-soln)",no,1.3367412744193472
200,0,"StochOptForest
(apx-soln)",no,1.437510784384967
200,0,"StochOptForest
(apx-soln)",no,1.425700353087227
200,0,"StochOptForest
(apx-soln)",no,1.2816127253096694
200,0,"StochOptForest
(apx-soln)",no,1.2804245569964239
200,0,"StochOptForest
(apx-soln)",no,1.474803677076044
200,0,"StochOptForest
(apx-soln)",no,1.3969663843811335
200,0,"StochOptForest
(apx-soln)",no,1.7176053540855312
200,0,"StochOptForest
(apx-soln)",no,1.3606178924782044
200,0,"StochOptForest
(apx-soln)",no,1.3851099309173605
200,0,"StochOptForest
(apx-soln)",no,1.36095251544474
200,0,"StochOptForest
(apx-soln)",no,1.4188887818149902
200,0,"StochOptForest
(apx-soln)",no,1.410276735760908
200,0,"StochOptForest
(apx-soln)",no,1.4812801222524792
200,0,"StochOptForest
(apx-soln)",no,1.3841162091215182
200,0,"StochOptForest
(apx-soln)",no,1.3138255349807173
200,0,"StochOptForest
(apx-soln)",no,1.4378108572141264
200,0,"StochOptForest
(apx-soln)",no,1.371998037052746
200,0,"StochOptForest
(apx-soln)",no,1.4824297802385442
200,0,"StochOptForest
(apx-soln)",no,1.481799236898566
200,0,"StochOptForest
(apx-soln)",no,1.4871351118867098
200,0,"StochOptForest
(apx-soln)",no,1.3951546275980315
200,0,"StochOptForest
(apx-soln)",no,1.4690635396842748
200,0,"StochOptForest
(apx-soln)",no,1.4188850319257664
200,0,"StochOptForest
(apx-soln)",no,1.2865088171242582
200,0,"StochOptForest
(apx-soln)",no,1.4812886117759565
200,0,"StochOptForest
(apx-soln)",no,1.3648838169530237
200,0,"StochOptForest
(apx-soln)",no,1.3783224207992324
200,0,"StochOptForest
(apx-soln)",no,1.3921314723701141
200,0,"StochOptForest
(apx-risk)",yes,1.41976512688763
200,0,"StochOptForest
(apx-risk)",yes,1.4804254479456669
200,0,"StochOptForest
(apx-risk)",yes,1.455134693537107
200,0,"StochOptForest
(apx-risk)",yes,1.4617983791147915
200,0,"StochOptForest
(apx-risk)",yes,1.4722788834016538
200,0,"StochOptForest
(apx-risk)",yes,1.4629884196681942
200,0,"StochOptForest
(apx-risk)",yes,1.452113164322774
200,0,"StochOptForest
(apx-risk)",yes,1.4204501738397335
200,0,"StochOptForest
(apx-risk)",yes,1.4594781440179045
200,0,"StochOptForest
(apx-risk)",yes,1.3778608387618623
200,0,"StochOptForest
(apx-risk)",yes,1.5157652219313578
200,0,"StochOptForest
(apx-risk)",yes,1.4109734400074485
200,0,"StochOptForest
(apx-risk)",yes,1.4629305901334773
200,0,"StochOptForest
(apx-risk)",yes,1.380326235360695
200,0,"StochOptForest
(apx-risk)",yes,1.416977030924022
200,0,"StochOptForest
(apx-risk)",yes,1.4293795439751902
200,0,"StochOptForest
(apx-risk)",yes,1.4741944871340256
200,0,"StochOptForest
(apx-risk)",yes,1.436418205937591
200,0,"StochOptForest
(apx-risk)",yes,1.378902716484988
200,0,"StochOptForest
(apx-risk)",yes,1.4829401998402558
200,0,"StochOptForest
(apx-risk)",yes,1.593506814998068
200,0,"StochOptForest
(apx-risk)",yes,1.4071336865243191
200,0,"StochOptForest
(apx-risk)",yes,1.4494696811654053
200,0,"StochOptForest
(apx-risk)",yes,1.4592557973381481
200,0,"StochOptForest
(apx-risk)",yes,1.3528396449670295
200,0,"StochOptForest
(apx-risk)",yes,1.426074689988091
200,0,"StochOptForest
(apx-risk)",yes,1.4795557084006385
200,0,"StochOptForest
(apx-risk)",yes,1.3950859700331424
200,0,"StochOptForest
(apx-risk)",yes,1.8183327906180033
200,0,"StochOptForest
(apx-risk)",yes,1.4066518163721609
200,0,"StochOptForest
(apx-risk)",yes,1.3875612240411928
200,0,"StochOptForest
(apx-risk)",yes,1.4484228763943054
200,0,"StochOptForest
(apx-risk)",yes,1.430468501305289
200,0,"StochOptForest
(apx-risk)",yes,1.4708510423597643
200,0,"StochOptForest
(apx-risk)",yes,1.4393962562377438
200,0,"StochOptForest
(apx-risk)",yes,1.447627467193026
200,0,"StochOptForest
(apx-risk)",yes,1.399071692727729
200,0,"StochOptForest
(apx-risk)",yes,1.5405636524569277
200,0,"StochOptForest
(apx-risk)",yes,1.442620218520138
200,0,"StochOptForest
(apx-risk)",yes,1.4868592965746092
200,0,"StochOptForest
(apx-risk)",yes,1.4666321198616898
200,0,"StochOptForest
(apx-risk)",yes,1.465616982543582
200,0,"StochOptForest
(apx-risk)",yes,1.4308950789021806
200,0,"StochOptForest
(apx-risk)",yes,1.5019175867097807
200,0,"StochOptForest
(apx-risk)",yes,1.4378382278903605
200,0,"StochOptForest
(apx-risk)",yes,1.4938389146535394
200,0,"StochOptForest
(apx-risk)",yes,1.5001525939387095
200,0,"StochOptForest
(apx-risk)",yes,1.3759451618354743
200,0,"StochOptForest
(apx-risk)",yes,1.4131946993916535
200,0,"StochOptForest
(apx-risk)",yes,1.4495131271152424
200,0,"StochOptForest
(apx-risk)",no,1.4317550167336226
200,0,"StochOptForest
(apx-risk)",no,1.4835719190033787
200,0,"StochOptForest
(apx-risk)",no,1.3870482624011211
200,0,"StochOptForest
(apx-risk)",no,1.4518186025504667
200,0,"StochOptForest
(apx-risk)",no,1.4673984309427002
200,0,"StochOptForest
(apx-risk)",no,1.3692747467511683
200,0,"StochOptForest
(apx-risk)",no,1.4605547409924835
200,0,"StochOptForest
(apx-risk)",no,1.4402064556682943
200,0,"StochOptForest
(apx-risk)",no,1.448661670111442
200,0,"StochOptForest
(apx-risk)",no,1.3388846855718395
200,0,"StochOptForest
(apx-risk)",no,1.5075170056488751
200,0,"StochOptForest
(apx-risk)",no,1.4537199659672857
200,0,"StochOptForest
(apx-risk)",no,1.4136239245215263
200,0,"StochOptForest
(apx-risk)",no,1.3816059725471153
200,0,"StochOptForest
(apx-risk)",no,1.4008325678514282
200,0,"StochOptForest
(apx-risk)",no,1.4028138485202142
200,0,"StochOptForest
(apx-risk)",no,1.4822029502758018
200,0,"StochOptForest
(apx-risk)",no,1.3916802397355414
200,0,"StochOptForest
(apx-risk)",no,1.3147321245641983
200,0,"StochOptForest
(apx-risk)",no,1.4651801096005814
200,0,"StochOptForest
(apx-risk)",no,1.5590068356437627
200,0,"StochOptForest
(apx-risk)",no,1.2885257893609552
200,0,"StochOptForest
(apx-risk)",no,1.4549920965659011
200,0,"StochOptForest
(apx-risk)",no,1.3733121173618592
200,0,"StochOptForest
(apx-risk)",no,1.2944272115034123
200,0,"StochOptForest
(apx-risk)",no,1.4376712764557766
200,0,"StochOptForest
(apx-risk)",no,1.4890584383974272
200,0,"StochOptForest
(apx-risk)",no,1.3967563589203222
200,0,"StochOptForest
(apx-risk)",no,1.5611059882130467
200,0,"StochOptForest
(apx-risk)",no,1.39874800428192
200,0,"StochOptForest
(apx-risk)",no,1.3801162416354567
200,0,"StochOptForest
(apx-risk)",no,1.4037025074213707
200,0,"StochOptForest
(apx-risk)",no,1.388921934665737
200,0,"StochOptForest
(apx-risk)",no,1.448628267357661
200,0,"StochOptForest
(apx-risk)",no,1.4675316321916487
200,0,"StochOptForest
(apx-risk)",no,1.3787715576592414
200,0,"StochOptForest
(apx-risk)",no,1.3053263630067755
200,0,"StochOptForest
(apx-risk)",no,1.4839558719092993
200,0,"StochOptForest
(apx-risk)",no,1.343814927948932
200,0,"StochOptForest
(apx-risk)",no,1.451873571856182
200,0,"StochOptForest
(apx-risk)",no,1.480907339438532
200,0,"StochOptForest
(apx-risk)",no,1.4977589799719047
200,0,"StochOptForest
(apx-risk)",no,1.397687659786087
200,0,"StochOptForest
(apx-risk)",no,1.5105088138689273
200,0,"StochOptForest
(apx-risk)",no,1.4027406077527862
200,0,"StochOptForest
(apx-risk)",no,1.3235136827810476
200,0,"StochOptForest
(apx-risk)",no,1.4685988364156402
200,0,"StochOptForest
(apx-risk)",no,1.3982356360710098
200,0,"StochOptForest
(apx-risk)",no,1.4326160748929597
200,0,"StochOptForest
(apx-risk)",no,1.3657957661312405
400,0,"StochOptForest
(apx-soln)",yes,1.4059367863762091
400,0,"StochOptForest
(apx-soln)",yes,1.4288095850727565
400,0,"StochOptForest
(apx-soln)",yes,1.4038062480622855
400,0,"StochOptForest
(apx-soln)",yes,1.3748593993548193
400,0,"StochOptForest
(apx-soln)",yes,1.3526988620616633
400,0,"StochOptForest
(apx-soln)",yes,1.362437704095685
400,0,"StochOptForest
(apx-soln)",yes,1.404006189779064
400,0,"StochOptForest
(apx-soln)",yes,1.3107623945051843
400,0,"StochOptForest
(apx-soln)",yes,1.390631537019789
400,0,"StochOptForest
(apx-soln)",yes,1.3925719335486535
400,0,"StochOptForest
(apx-soln)",yes,1.4210334063875134
400,0,"StochOptForest
(apx-soln)",yes,1.3006851854267287
400,0,"StochOptForest
(apx-soln)",yes,1.363257854256428
400,0,"StochOptForest
(apx-soln)",yes,1.3991160414382309
400,0,"StochOptForest
(apx-soln)",yes,1.4174325308267717
400,0,"StochOptForest
(apx-soln)",yes,1.3438777241780253
400,0,"StochOptForest
(apx-soln)",yes,1.4060555350839359
400,0,"StochOptForest
(apx-soln)",yes,1.3165459809891913
400,0,"StochOptForest
(apx-soln)",yes,1.349405587154189
400,0,"StochOptForest
(apx-soln)",yes,1.3647976808198976
400,0,"StochOptForest
(apx-soln)",yes,1.449395554980405
400,0,"StochOptForest
(apx-soln)",yes,1.4521089679378205
400,0,"StochOptForest
(apx-soln)",yes,1.3203272769162921
400,0,"StochOptForest
(apx-soln)",yes,1.4864181941278636
400,0,"StochOptForest
(apx-soln)",yes,1.394990298958089
400,0,"StochOptForest
(apx-soln)",yes,1.402347143723792
400,0,"StochOptForest
(apx-soln)",yes,1.4841093352423411
400,0,"StochOptForest
(apx-soln)",yes,1.3479641526085981
400,0,"StochOptForest
(apx-soln)",yes,1.381743487474847
400,0,"StochOptForest
(apx-soln)",yes,1.3018831074701147
400,0,"StochOptForest
(apx-soln)",yes,1.3709421051980624
400,0,"StochOptForest
(apx-soln)",yes,1.3323231558311224
400,0,"StochOptForest
(apx-soln)",yes,1.394122692574148
400,0,"StochOptForest
(apx-soln)",yes,1.3582339791247364
400,0,"StochOptForest
(apx-soln)",yes,1.372266191525724
400,0,"StochOptForest
(apx-soln)",yes,1.458275393099146
400,0,"StochOptForest
(apx-soln)",yes,1.3448167094994359
400,0,"StochOptForest
(apx-soln)",yes,1.343273795949671
400,0,"StochOptForest
(apx-soln)",yes,1.3456715961261476
400,0,"StochOptForest
(apx-soln)",yes,1.3708924864655019
400,0,"StochOptForest
(apx-soln)",yes,1.3718320998805942
400,0,"StochOptForest
(apx-soln)",yes,1.3295915729722025
400,0,"StochOptForest
(apx-soln)",yes,1.3385825719739133
400,0,"StochOptForest
(apx-soln)",yes,1.4944938030655732
400,0,"StochOptForest
(apx-soln)",yes,1.3098078616643891
400,0,"StochOptForest
(apx-soln)",yes,1.337993400064147
400,0,"StochOptForest
(apx-soln)",yes,1.3609488481991776
400,0,"StochOptForest
(apx-soln)",yes,1.3640304243478605
400,0,"StochOptForest
(apx-soln)",yes,1.3516196185591378
400,0,"StochOptForest
(apx-soln)",yes,1.5410923012231081
400,0,"StochOptForest
(apx-soln)",no,1.281382243049934
400,0,"StochOptForest
(apx-soln)",no,1.4074196566870534
400,0,"StochOptForest
(apx-soln)",no,1.3650820962192851
400,0,"StochOptForest
(apx-soln)",no,1.2385886115018665
400,0,"StochOptForest
(apx-soln)",no,1.234370455354395
400,0,"StochOptForest
(apx-soln)",no,1.2997373785236228
400,0,"StochOptForest
(apx-soln)",no,1.3123101743209273
400,0,"StochOptForest
(apx-soln)",no,1.1345262453315759
400,0,"StochOptForest
(apx-soln)",no,1.2837412135842001
400,0,"StochOptForest
(apx-soln)",no,1.2915415019015728
400,0,"StochOptForest
(apx-soln)",no,1.3091445119224059
400,0,"StochOptForest
(apx-soln)",no,1.1238091618126616
400,0,"StochOptForest
(apx-soln)",no,1.332646630010989
400,0,"StochOptForest
(apx-soln)",no,1.297251451663389
400,0,"StochOptForest
(apx-soln)",no,1.3014418117481021
400,0,"StochOptForest
(apx-soln)",no,1.3088687325861301
400,0,"StochOptForest
(apx-soln)",no,1.1588936537458965
400,0,"StochOptForest
(apx-soln)",no,1.273369074835564
400,0,"StochOptForest
(apx-soln)",no,1.2354900578814267
400,0,"StochOptForest
(apx-soln)",no,1.1899988719673764
400,0,"StochOptForest
(apx-soln)",no,1.382670377235854
400,0,"StochOptForest
(apx-soln)",no,1.3289089323729333
400,0,"StochOptForest
(apx-soln)",no,1.1477424919357095
400,0,"StochOptForest
(apx-soln)",no,1.4060731167325735
400,0,"StochOptForest
(apx-soln)",no,1.3671472114349674
400,0,"StochOptForest
(apx-soln)",no,1.3516632348505693
400,0,"StochOptForest
(apx-soln)",no,1.4521125930586376
400,0,"StochOptForest
(apx-soln)",no,1.1285721488842066
400,0,"StochOptForest
(apx-soln)",no,1.3467131669979737
400,0,"StochOptForest
(apx-soln)",no,1.2272220581321516
400,0,"StochOptForest
(apx-soln)",no,1.1975846389790565
400,0,"StochOptForest
(apx-soln)",no,1.2548861370985471
400,0,"StochOptForest
(apx-soln)",no,1.3029857846890152
400,0,"StochOptForest
(apx-soln)",no,1.2855469765860204
400,0,"StochOptForest
(apx-soln)",no,1.3241695511556602
400,0,"StochOptForest
(apx-soln)",no,1.4502056327157242
400,0,"StochOptForest
(apx-soln)",no,1.2440507718355391
400,0,"StochOptForest
(apx-soln)",no,1.147547767475305
400,0,"StochOptForest
(apx-soln)",no,1.145752504759095
400,0,"StochOptForest
(apx-soln)",no,1.306777012237823
400,0,"StochOptForest
(apx-soln)",no,1.2572658987243157
400,0,"StochOptForest
(apx-soln)",no,1.20273867775104
400,0,"StochOptForest
(apx-soln)",no,1.199501130875196
400,0,"StochOptForest
(apx-soln)",no,1.4430164474731029
400,0,"StochOptForest
(apx-soln)",no,1.2569624335675607
400,0,"StochOptForest
(apx-soln)",no,1.1077474815787933
400,0,"StochOptForest
(apx-soln)",no,1.1891124305787635
400,0,"StochOptForest
(apx-soln)",no,1.316762466824382
400,0,"StochOptForest
(apx-soln)",no,1.1982287024725249
400,0,"StochOptForest
(apx-soln)",no,1.2979023587057466
400,0,"StochOptForest
(apx-risk)",yes,1.4130108067290104
400,0,"StochOptForest
(apx-risk)",yes,1.430204601347975
400,0,"StochOptForest
(apx-risk)",yes,1.4088029398647006
400,0,"StochOptForest
(apx-risk)",yes,1.3508175214045117
400,0,"StochOptForest
(apx-risk)",yes,1.3471185118807905
400,0,"StochOptForest
(apx-risk)",yes,1.370295384379433
400,0,"StochOptForest
(apx-risk)",yes,1.3875195311753379
400,0,"StochOptForest
(apx-risk)",yes,1.345323750174067
400,0,"StochOptForest
(apx-risk)",yes,1.3928549920708313
400,0,"StochOptForest
(apx-risk)",yes,1.388624077420808
400,0,"StochOptForest
(apx-risk)",yes,1.4186078580248904
400,0,"StochOptForest
(apx-risk)",yes,1.2852211719597089
400,0,"StochOptForest
(apx-risk)",yes,1.350879278111387
400,0,"StochOptForest
(apx-risk)",yes,1.385709304430427
400,0,"StochOptForest
(apx-risk)",yes,1.4153858446592136
400,0,"StochOptForest
(apx-risk)",yes,1.3471537753397074
400,0,"StochOptForest
(apx-risk)",yes,1.456569909610531
400,0,"StochOptForest
(apx-risk)",yes,1.3311459868537665
400,0,"StochOptForest
(apx-risk)",yes,1.3547696776722742
400,0,"StochOptForest
(apx-risk)",yes,1.3391923452432921
400,0,"StochOptForest
(apx-risk)",yes,1.4323361241291204
400,0,"StochOptForest
(apx-risk)",yes,1.4361623940555854
400,0,"StochOptForest
(apx-risk)",yes,1.3382727366495222
400,0,"StochOptForest
(apx-risk)",yes,1.465830973073166
400,0,"StochOptForest
(apx-risk)",yes,1.3920433133105512
400,0,"StochOptForest
(apx-risk)",yes,1.3934954744494645
400,0,"StochOptForest
(apx-risk)",yes,1.4908010246305414
400,0,"StochOptForest
(apx-risk)",yes,1.3334873917504981
400,0,"StochOptForest
(apx-risk)",yes,1.3705314220382991
400,0,"StochOptForest
(apx-risk)",yes,1.2841759678640412
400,0,"StochOptForest
(apx-risk)",yes,1.3692028801377452
400,0,"StochOptForest
(apx-risk)",yes,1.304445426559121
400,0,"StochOptForest
(apx-risk)",yes,1.3758302319497637
400,0,"StochOptForest
(apx-risk)",yes,1.3602235492475143
400,0,"StochOptForest
(apx-risk)",yes,1.3778215679912538
400,0,"StochOptForest
(apx-risk)",yes,1.4521409796599285
400,0,"StochOptForest
(apx-risk)",yes,1.3398523627571322
400,0,"StochOptForest
(apx-risk)",yes,1.3649889943295304
400,0,"StochOptForest
(apx-risk)",yes,1.3416350698201118
400,0,"StochOptForest
(apx-risk)",yes,1.359291433472637
400,0,"StochOptForest
(apx-risk)",yes,1.366507591321252
400,0,"StochOptForest
(apx-risk)",yes,1.3397636263526158
400,0,"StochOptForest
(apx-risk)",yes,1.3187580125392924
400,0,"StochOptForest
(apx-risk)",yes,1.4345882486936752
400,0,"StochOptForest
(apx-risk)",yes,1.3055602243836617
400,0,"StochOptForest
(apx-risk)",yes,1.3465533023884857
400,0,"StochOptForest
(apx-risk)",yes,1.352526003685565
400,0,"StochOptForest
(apx-risk)",yes,1.3376488890907186
400,0,"StochOptForest
(apx-risk)",yes,1.3311924490345854
400,0,"StochOptForest
(apx-risk)",yes,1.5321322179953494
400,0,"StochOptForest
(apx-risk)",no,1.2456486379957128
400,0,"StochOptForest
(apx-risk)",no,1.4194163078428368
400,0,"StochOptForest
(apx-risk)",no,1.4351781630260405
400,0,"StochOptForest
(apx-risk)",no,1.2653203836647031
400,0,"StochOptForest
(apx-risk)",no,1.2566365710888023
400,0,"StochOptForest
(apx-risk)",no,1.3083148199427017
400,0,"StochOptForest
(apx-risk)",no,1.3246565999395694
400,0,"StochOptForest
(apx-risk)",no,1.1410327086737715
400,0,"StochOptForest
(apx-risk)",no,1.3400709088667995
400,0,"StochOptForest
(apx-risk)",no,1.28856507639283
400,0,"StochOptForest
(apx-risk)",no,1.2375261607632553
400,0,"StochOptForest
(apx-risk)",no,1.1129590182891989
400,0,"StochOptForest
(apx-risk)",no,1.2457031004695243
400,0,"StochOptForest
(apx-risk)",no,1.2360654512575702
400,0,"StochOptForest
(apx-risk)",no,1.3665540394976607
400,0,"StochOptForest
(apx-risk)",no,1.3101144368840103
400,0,"StochOptForest
(apx-risk)",no,1.409087019504343
400,0,"StochOptForest
(apx-risk)",no,1.2767825128992145
400,0,"StochOptForest
(apx-risk)",no,1.267558321162081
400,0,"StochOptForest
(apx-risk)",no,1.1672566724060416
400,0,"StochOptForest
(apx-risk)",no,1.3425626033301126
400,0,"StochOptForest
(apx-risk)",no,1.3080162579111292
400,0,"StochOptForest
(apx-risk)",no,1.1609811101571301
400,0,"StochOptForest
(apx-risk)",no,1.4601933570959256
400,0,"StochOptForest
(apx-risk)",no,1.3420053923928128
400,0,"StochOptForest
(apx-risk)",no,1.4159131894367285
400,0,"StochOptForest
(apx-risk)",no,1.4706135341854887
400,0,"StochOptForest
(apx-risk)",no,1.1995036048885046
400,0,"StochOptForest
(apx-risk)",no,1.3586884463972844
400,0,"StochOptForest
(apx-risk)",no,1.1713302354163897
400,0,"StochOptForest
(apx-risk)",no,1.2943286687365914
400,0,"StochOptForest
(apx-risk)",no,1.2044198478430905
400,0,"StochOptForest
(apx-risk)",no,1.3205497176145646
400,0,"StochOptForest
(apx-risk)",no,1.3543615329698258
400,0,"StochOptForest
(apx-risk)",no,1.3476073006986846
400,0,"StochOptForest
(apx-risk)",no,1.4462236480493345
400,0,"StochOptForest
(apx-risk)",no,1.252639071687198
400,0,"StochOptForest
(apx-risk)",no,1.2915748930609616
400,0,"StochOptForest
(apx-risk)",no,1.216104472656013
400,0,"StochOptForest
(apx-risk)",no,1.2959992656631374
400,0,"StochOptForest
(apx-risk)",no,1.2561150775544874
400,0,"StochOptForest
(apx-risk)",no,1.31925161147822
400,0,"StochOptForest
(apx-risk)",no,1.2642956759539283
400,0,"StochOptForest
(apx-risk)",no,1.3421650897952493
400,0,"StochOptForest
(apx-risk)",no,1.2361486821597791
400,0,"StochOptForest
(apx-risk)",no,1.175856484547018
400,0,"StochOptForest
(apx-risk)",no,1.235255265279612
400,0,"StochOptForest
(apx-risk)",no,1.31991854879119
400,0,"StochOptForest
(apx-risk)",no,1.1697074769725715
400,0,"StochOptForest
(apx-risk)",no,1.4117204377419728
800,0,"StochOptForest
(apx-soln)",yes,1.295430922567383
800,0,"StochOptForest
(apx-soln)",yes,1.23529506987362
800,0,"StochOptForest
(apx-soln)",yes,1.2708700088361997
800,0,"StochOptForest
(apx-soln)",yes,1.181444418038477
800,0,"StochOptForest
(apx-soln)",yes,1.3067151203569929
800,0,"StochOptForest
(apx-soln)",yes,1.2441187439523729
800,0,"StochOptForest
(apx-soln)",yes,1.2070318261261193
800,0,"StochOptForest
(apx-soln)",yes,1.3087286062084638
800,0,"StochOptForest
(apx-soln)",yes,1.3433339183962798
800,0,"StochOptForest
(apx-soln)",yes,1.2530085617183684
800,0,"StochOptForest
(apx-soln)",yes,1.2826772419819417
800,0,"StochOptForest
(apx-soln)",yes,1.2596098590235696
800,0,"StochOptForest
(apx-soln)",yes,1.184484173411725
800,0,"StochOptForest
(apx-soln)",yes,1.2843605213366212
800,0,"StochOptForest
(apx-soln)",yes,1.2998583582677448
800,0,"StochOptForest
(apx-soln)",yes,1.1869804995652116
800,0,"StochOptForest
(apx-soln)",yes,1.2961741878142117
800,0,"StochOptForest
(apx-soln)",yes,1.2220380897410892
800,0,"StochOptForest
(apx-soln)",yes,1.2863615293745947
800,0,"StochOptForest
(apx-soln)",yes,1.2494684920663237
800,0,"StochOptForest
(apx-soln)",yes,1.406431981944696
800,0,"StochOptForest
(apx-soln)",yes,1.2591556777585484
800,0,"StochOptForest
(apx-soln)",yes,1.2656202590457777
800,0,"StochOptForest
(apx-soln)",yes,1.2749570952588616
800,0,"StochOptForest
(apx-soln)",yes,1.2454913589396075
800,0,"StochOptForest
(apx-soln)",yes,1.2137545413356252
800,0,"StochOptForest
(apx-soln)",yes,1.1991846319287647
800,0,"StochOptForest
(apx-soln)",yes,1.3221360196307206
800,0,"StochOptForest
(apx-soln)",yes,1.2278038776901894
800,0,"StochOptForest
(apx-soln)",yes,1.2687734927485386
800,0,"StochOptForest
(apx-soln)",yes,1.3752676597331255
800,0,"StochOptForest
(apx-soln)",yes,1.303284665785563
800,0,"StochOptForest
(apx-soln)",yes,1.2988188633773086
800,0,"StochOptForest
(apx-soln)",yes,1.1395299294481196
800,0,"StochOptForest
(apx-soln)",yes,1.2975965523885942
800,0,"StochOptForest
(apx-soln)",yes,1.3421850193029714
800,0,"StochOptForest
(apx-soln)",yes,1.2515186102517868
800,0,"StochOptForest
(apx-soln)",yes,1.2834188683530738
800,0,"StochOptForest
(apx-soln)",yes,1.1612444538779607
800,0,"StochOptForest
(apx-soln)",yes,1.3549098837547895
800,0,"StochOptForest
(apx-soln)",yes,1.2995560311465655
800,0,"StochOptForest
(apx-soln)",yes,1.3349265449641154
800,0,"StochOptForest
(apx-soln)",yes,1.348144228831447
800,0,"StochOptForest
(apx-soln)",yes,1.2644793310713967
800,0,"StochOptForest
(apx-soln)",yes,1.248672168490698
800,0,"StochOptForest
(apx-soln)",yes,1.31549410062083
800,0,"StochOptForest
(apx-soln)",yes,1.2948162426340195
800,0,"StochOptForest
(apx-soln)",yes,1.3029487968935882
800,0,"StochOptForest
(apx-soln)",yes,1.3322328248182822
800,0,"StochOptForest
(apx-soln)",yes,1.2568766834463134
800,0,"StochOptForest
(apx-soln)",no,1.0626915429504555
800,0,"StochOptForest
(apx-soln)",no,1.1115087798214458
800,0,"StochOptForest
(apx-soln)",no,1.106851152582755
800,0,"StochOptForest
(apx-soln)",no,1.0635024745171628
800,0,"StochOptForest
(apx-soln)",no,1.1621896482496887
800,0,"StochOptForest
(apx-soln)",no,1.153826734013321
800,0,"StochOptForest
(apx-soln)",no,1.0741592665552522
800,0,"StochOptForest
(apx-soln)",no,1.0896083550924316
800,0,"StochOptForest
(apx-soln)",no,1.236667936616908
800,0,"StochOptForest
(apx-soln)",no,1.2089825658278213
800,0,"StochOptForest
(apx-soln)",no,1.1558800135137084
800,0,"StochOptForest
(apx-soln)",no,1.0846953417388467
800,0,"StochOptForest
(apx-soln)",no,1.0899545965773543
800,0,"StochOptForest
(apx-soln)",no,1.1305707565820315
800,0,"StochOptForest
(apx-soln)",no,1.1599696031440487
800,0,"StochOptForest
(apx-soln)",no,1.035763086034761
800,0,"StochOptForest
(apx-soln)",no,1.1656413914182184
800,0,"StochOptForest
(apx-soln)",no,1.0855450694462778
800,0,"StochOptForest
(apx-soln)",no,1.1797717768090874
800,0,"StochOptForest
(apx-soln)",no,1.1003513331511934
800,0,"StochOptForest
(apx-soln)",no,1.2965935632928427
800,0,"StochOptForest
(apx-soln)",no,1.1529154374863628
800,0,"StochOptForest
(apx-soln)",no,1.116948652992317
800,0,"StochOptForest
(apx-soln)",no,1.1498424651925798
800,0,"StochOptForest
(apx-soln)",no,1.0990516966728838
800,0,"StochOptForest
(apx-soln)",no,1.1270403200615924
800,0,"StochOptForest
(apx-soln)",no,1.0682027783080903
800,0,"StochOptForest
(apx-soln)",no,1.1310050679278865
800,0,"StochOptForest
(apx-soln)",no,1.080307922309877
800,0,"StochOptForest
(apx-soln)",no,1.1229491839409913
800,0,"StochOptForest
(apx-soln)",no,1.3124593976287384
800,0,"StochOptForest
(apx-soln)",no,1.1257839821823097
800,0,"StochOptForest
(apx-soln)",no,1.2220007801675654
800,0,"StochOptForest
(apx-soln)",no,1.063575950463363
800,0,"StochOptForest
(apx-soln)",no,1.1536035117090029
800,0,"StochOptForest
(apx-soln)",no,1.1559314536724403
800,0,"StochOptForest
(apx-soln)",no,1.1147644921768731
800,0,"StochOptForest
(apx-soln)",no,1.0636302806182978
800,0,"StochOptForest
(apx-soln)",no,1.0692662665198311
800,0,"StochOptForest
(apx-soln)",no,1.277400694319166
800,0,"StochOptForest
(apx-soln)",no,1.1054680029379578
800,0,"StochOptForest
(apx-soln)",no,1.2347065020075665
800,0,"StochOptForest
(apx-soln)",no,1.2832066766363166
800,0,"StochOptForest
(apx-soln)",no,1.0971860751545106
800,0,"StochOptForest
(apx-soln)",no,1.0678303062703705
800,0,"StochOptForest
(apx-soln)",no,1.178248578434841
800,0,"StochOptForest
(apx-soln)",no,1.0782495361067064
800,0,"StochOptForest
(apx-soln)",no,1.1548637993338102
800,0,"StochOptForest
(apx-soln)",no,1.2573810073941103
800,0,"StochOptForest
(apx-soln)",no,1.0930825068806982
800,0,"StochOptForest
(apx-risk)",yes,1.3513785219154955
800,0,"StochOptForest
(apx-risk)",yes,1.199667804112527
800,0,"StochOptForest
(apx-risk)",yes,1.3095249522704169
800,0,"StochOptForest
(apx-risk)",yes,1.1461566183817018
800,0,"StochOptForest
(apx-risk)",yes,1.316149785764023
800,0,"StochOptForest
(apx-risk)",yes,1.2622795923882724
800,0,"StochOptForest
(apx-risk)",yes,1.2624858963800936
800,0,"StochOptForest
(apx-risk)",yes,1.351106342476977
800,0,"StochOptForest
(apx-risk)",yes,1.2993460003133026
800,0,"StochOptForest
(apx-risk)",yes,1.2419719873257329
800,0,"StochOptForest
(apx-risk)",yes,1.2246335959237136
800,0,"StochOptForest
(apx-risk)",yes,1.2887419264744386
800,0,"StochOptForest
(apx-risk)",yes,1.211533472838999
800,0,"StochOptForest
(apx-risk)",yes,1.2885390084811503
800,0,"StochOptForest
(apx-risk)",yes,1.2657807651084745
800,0,"StochOptForest
(apx-risk)",yes,1.2176962084614564
800,0,"StochOptForest
(apx-risk)",yes,1.288367977684717
800,0,"StochOptForest
(apx-risk)",yes,1.2275117900730508
800,0,"StochOptForest
(apx-risk)",yes,1.2910357800122318
800,0,"StochOptForest
(apx-risk)",yes,1.2133240942927987
800,0,"StochOptForest
(apx-risk)",yes,1.3384650370879256
800,0,"StochOptForest
(apx-risk)",yes,1.2108800062092457
800,0,"StochOptForest
(apx-risk)",yes,1.2655265123813513
800,0,"StochOptForest
(apx-risk)",yes,1.1577401024185308
800,0,"StochOptForest
(apx-risk)",yes,1.2228131551024508
800,0,"StochOptForest
(apx-risk)",yes,1.203847582935456
800,0,"StochOptForest
(apx-risk)",yes,1.158453707656335
800,0,"StochOptForest
(apx-risk)",yes,1.1689924198541994
800,0,"StochOptForest
(apx-risk)",yes,1.265368558828699
800,0,"StochOptForest
(apx-risk)",yes,1.3129658709119718
800,0,"StochOptForest
(apx-risk)",yes,1.3753147482203214
800,0,"StochOptForest
(apx-risk)",yes,1.2988640598584613
800,0,"StochOptForest
(apx-risk)",yes,1.2547306296579304
800,0,"StochOptForest
(apx-risk)",yes,1.2108284163091165
800,0,"StochOptForest
(apx-risk)",yes,1.2315315745030093
800,0,"StochOptForest
(apx-risk)",yes,1.3413646525832827
800,0,"StochOptForest
(apx-risk)",yes,1.3101559737292434
800,0,"StochOptForest
(apx-risk)",yes,1.3037194948637636
800,0,"StochOptForest
(apx-risk)",yes,1.1361232926427813
800,0,"StochOptForest
(apx-risk)",yes,1.3281249515164852
800,0,"StochOptForest
(apx-risk)",yes,1.2492478144932755
800,0,"StochOptForest
(apx-risk)",yes,1.3292454857545108
800,0,"StochOptForest
(apx-risk)",yes,1.3240966475420715
800,0,"StochOptForest
(apx-risk)",yes,1.2563135989718293
800,0,"StochOptForest
(apx-risk)",yes,1.2554071401426874
800,0,"StochOptForest
(apx-risk)",yes,1.3176184779069935
800,0,"StochOptForest
(apx-risk)",yes,1.3224943477440536
800,0,"StochOptForest
(apx-risk)",yes,1.241611485199652
800,0,"StochOptForest
(apx-risk)",yes,1.2503212958767194
800,0,"StochOptForest
(apx-risk)",yes,1.2626652810621646
800,0,"StochOptForest
(apx-risk)",no,1.1873307680609742
800,0,"StochOptForest
(apx-risk)",no,1.054890835291565
800,0,"StochOptForest
(apx-risk)",no,1.1126332461703219
800,0,"StochOptForest
(apx-risk)",no,1.0454926694472901
800,0,"StochOptForest
(apx-risk)",no,1.1228754579526998
800,0,"StochOptForest
(apx-risk)",no,1.1385884490055211
800,0,"StochOptForest
(apx-risk)",no,1.0870984228864897
800,0,"StochOptForest
(apx-risk)",no,1.2370586079503605
800,0,"StochOptForest
(apx-risk)",no,1.1471343628315238
800,0,"StochOptForest
(apx-risk)",no,1.1730127723366204
800,0,"StochOptForest
(apx-risk)",no,1.1559980800073562
800,0,"StochOptForest
(apx-risk)",no,1.0763423204624138
800,0,"StochOptForest
(apx-risk)",no,1.102944481006921
800,0,"StochOptForest
(apx-risk)",no,1.1812726692284121
800,0,"StochOptForest
(apx-risk)",no,1.124343297254875
800,0,"StochOptForest
(apx-risk)",no,1.0325326376386679
800,0,"StochOptForest
(apx-risk)",no,1.1285701929072451
800,0,"StochOptForest
(apx-risk)",no,1.1012726150338699
800,0,"StochOptForest
(apx-risk)",no,1.1556547518767915
800,0,"StochOptForest
(apx-risk)",no,1.0986286542290686
800,0,"StochOptForest
(apx-risk)",no,1.2724671687652225
800,0,"StochOptForest
(apx-risk)",no,1.094687476922493
800,0,"StochOptForest
(apx-risk)",no,1.0531306292164169
800,0,"StochOptForest
(apx-risk)",no,1.0769508799914747
800,0,"StochOptForest
(apx-risk)",no,1.0844730570716359
800,0,"StochOptForest
(apx-risk)",no,1.0782079851289186
800,0,"StochOptForest
(apx-risk)",no,1.0321132676381453
800,0,"StochOptForest
(apx-risk)",no,1.0677202666691463
800,0,"StochOptForest
(apx-risk)",no,1.1472748177771213
800,0,"StochOptForest
(apx-risk)",no,1.1512084058263428
800,0,"StochOptForest
(apx-risk)",no,1.2953866742707063
800,0,"StochOptForest
(apx-risk)",no,1.1090023698504723
800,0,"StochOptForest
(apx-risk)",no,1.1353986792815631
800,0,"StochOptForest
(apx-risk)",no,1.078732937302182
800,0,"StochOptForest
(apx-risk)",no,1.1217999981018774
800,0,"StochOptForest
(apx-risk)",no,1.2506554612278515
800,0,"StochOptForest
(apx-risk)",no,1.1433234501710712
800,0,"StochOptForest
(apx-risk)",no,1.1331755482653245
800,0,"StochOptForest
(apx-risk)",no,1.0582938453167625
800,0,"StochOptForest
(apx-risk)",no,1.208394728814663
800,0,"StochOptForest
(apx-risk)",no,1.094054394309847
800,0,"StochOptForest
(apx-risk)",no,1.1610799508875551
800,0,"StochOptForest
(apx-risk)",no,1.1566511961011336
800,0,"StochOptForest
(apx-risk)",no,1.1693560775829002
800,0,"StochOptForest
(apx-risk)",no,1.098333174040116
800,0,"StochOptForest
(apx-risk)",no,1.121514335805195
800,0,"StochOptForest
(apx-risk)",no,1.0779647658528084
800,0,"StochOptForest
(apx-risk)",no,1.0369521530699919
800,0,"StochOptForest
(apx-risk)",no,1.1382786192707737
800,0,"StochOptForest
(apx-risk)",no,1.1148013949145097
