n,obj_coef,Method,Constraint,rel_risk
100,0,"StochOptForest
(apx-soln)",yes,2.6449394533566846
100,0,"StochOptForest
(apx-soln)",yes,2.790171297047374
100,0,"StochOptForest
(apx-soln)",yes,2.422750192986375
100,0,"StochOptForest
(apx-soln)",yes,2.7482357511876363
100,0,"StochOptForest
(apx-soln)",yes,2.4599158254931566
100,0,"StochOptForest
(apx-soln)",yes,2.6661790588094503
100,0,"StochOptForest
(apx-soln)",yes,3.1000895775822195
100,0,"StochOptForest
(apx-soln)",yes,2.3626069224856816
100,0,"StochOptForest
(apx-soln)",yes,2.9681773590773317
100,0,"StochOptForest
(apx-soln)",yes,3.1030993859347253
100,0,"StochOptForest
(apx-soln)",yes,2.5814986617984683
100,0,"StochOptForest
(apx-soln)",yes,2.8390545005646737
100,0,"StochOptForest
(apx-soln)",yes,3.0318000449281626
100,0,"StochOptForest
(apx-soln)",yes,3.0539258348510905
100,0,"StochOptForest
(apx-soln)",yes,3.245468820899389
100,0,"StochOptForest
(apx-soln)",yes,2.6676281288969
100,0,"StochOptForest
(apx-soln)",yes,2.431705353661929
100,0,"StochOptForest
(apx-soln)",yes,2.5601033593087563
100,0,"StochOptForest
(apx-soln)",yes,2.214795568040679
100,0,"StochOptForest
(apx-soln)",yes,2.6630919512074884
100,0,"StochOptForest
(apx-soln)",yes,3.169717010034655
100,0,"StochOptForest
(apx-soln)",yes,2.795777374557186
100,0,"StochOptForest
(apx-soln)",yes,2.74168892515335
100,0,"StochOptForest
(apx-soln)",yes,2.928240556461928
100,0,"StochOptForest
(apx-soln)",yes,2.7748130994133255
100,0,"StochOptForest
(apx-soln)",yes,2.624722627302923
100,0,"StochOptForest
(apx-soln)",yes,3.0773637893300507
100,0,"StochOptForest
(apx-soln)",yes,2.4341302011728576
100,0,"StochOptForest
(apx-soln)",yes,2.373657722415725
100,0,"StochOptForest
(apx-soln)",yes,2.6925718432038797
100,0,"StochOptForest
(apx-soln)",yes,3.0719277247885777
100,0,"StochOptForest
(apx-soln)",yes,2.6881935568072475
100,0,"StochOptForest
(apx-soln)",yes,2.810991746562638
100,0,"StochOptForest
(apx-soln)",yes,2.79075807511374
100,0,"StochOptForest
(apx-soln)",yes,2.874465518694004
100,0,"StochOptForest
(apx-soln)",yes,3.807292812008218
100,0,"StochOptForest
(apx-soln)",yes,2.544137103867214
100,0,"StochOptForest
(apx-soln)",yes,2.829856455461707
100,0,"StochOptForest
(apx-soln)",yes,2.330939192405953
100,0,"StochOptForest
(apx-soln)",yes,2.561402839796995
100,0,"StochOptForest
(apx-soln)",yes,2.616855425017643
100,0,"StochOptForest
(apx-soln)",yes,2.592550328230827
100,0,"StochOptForest
(apx-soln)",yes,2.678990351517276
100,0,"StochOptForest
(apx-soln)",yes,2.588694767723685
100,0,"StochOptForest
(apx-soln)",yes,2.637554868049863
100,0,"StochOptForest
(apx-soln)",yes,2.7351852343134913
100,0,"StochOptForest
(apx-soln)",yes,2.590486920716969
100,0,"StochOptForest
(apx-soln)",yes,2.487640346621089
100,0,"StochOptForest
(apx-soln)",yes,3.1793656213751107
100,0,"StochOptForest
(apx-soln)",yes,2.794084036813506
100,0,"StochOptForest
(apx-soln)",no,2.680118630644009
100,0,"StochOptForest
(apx-soln)",no,2.8546665907757673
100,0,"StochOptForest
(apx-soln)",no,2.3921529459833346
100,0,"StochOptForest
(apx-soln)",no,2.7819953101289627
100,0,"StochOptForest
(apx-soln)",no,2.478589854430617
100,0,"StochOptForest
(apx-soln)",no,2.648499920989332
100,0,"StochOptForest
(apx-soln)",no,3.314831068990481
100,0,"StochOptForest
(apx-soln)",no,2.333092724558683
100,0,"StochOptForest
(apx-soln)",no,3.0513157394958244
100,0,"StochOptForest
(apx-soln)",no,3.185953500593017
100,0,"StochOptForest
(apx-soln)",no,2.608942474757995
100,0,"StochOptForest
(apx-soln)",no,2.9336247520068803
100,0,"StochOptForest
(apx-soln)",no,3.3078666632551696
100,0,"StochOptForest
(apx-soln)",no,3.0727519679259836
100,0,"StochOptForest
(apx-soln)",no,3.203991036842024
100,0,"StochOptForest
(apx-soln)",no,2.7067760662608937
100,0,"StochOptForest
(apx-soln)",no,2.472947645553584
100,0,"StochOptForest
(apx-soln)",no,2.537320223205978
100,0,"StochOptForest
(apx-soln)",no,2.3826085545443365
100,0,"StochOptForest
(apx-soln)",no,2.7579752611522483
100,0,"StochOptForest
(apx-soln)",no,3.168003924481882
100,0,"StochOptForest
(apx-soln)",no,2.939454991053834
100,0,"StochOptForest
(apx-soln)",no,2.979952971856361
100,0,"StochOptForest
(apx-soln)",no,2.930929767948098
100,0,"StochOptForest
(apx-soln)",no,2.9385232499070097
100,0,"StochOptForest
(apx-soln)",no,2.6594377068958153
100,0,"StochOptForest
(apx-soln)",no,3.25731190379362
100,0,"StochOptForest
(apx-soln)",no,2.7235067571041913
100,0,"StochOptForest
(apx-soln)",no,2.4826829432585313
100,0,"StochOptForest
(apx-soln)",no,3.066604538717803
100,0,"StochOptForest
(apx-soln)",no,3.053385912342293
100,0,"StochOptForest
(apx-soln)",no,2.7136344521540248
100,0,"StochOptForest
(apx-soln)",no,2.925202977424179
100,0,"StochOptForest
(apx-soln)",no,2.960207678623341
100,0,"StochOptForest
(apx-soln)",no,2.8440551605944373
100,0,"StochOptForest
(apx-soln)",no,4.065952975887841
100,0,"StochOptForest
(apx-soln)",no,2.6414658742366504
100,0,"StochOptForest
(apx-soln)",no,2.842073114221278
100,0,"StochOptForest
(apx-soln)",no,2.5134108362337066
100,0,"StochOptForest
(apx-soln)",no,2.431940527260257
100,0,"StochOptForest
(apx-soln)",no,3.050175545694767
100,0,"StochOptForest
(apx-soln)",no,2.7304529372143413
100,0,"StochOptForest
(apx-soln)",no,3.0652139647366674
100,0,"StochOptForest
(apx-soln)",no,2.761565999612802
100,0,"StochOptForest
(apx-soln)",no,2.5345022977432574
100,0,"StochOptForest
(apx-soln)",no,2.7047525794570366
100,0,"StochOptForest
(apx-soln)",no,2.914572927837904
100,0,"StochOptForest
(apx-soln)",no,2.540566038662136
100,0,"StochOptForest
(apx-soln)",no,3.20864470619732
100,0,"StochOptForest
(apx-soln)",no,2.7558262482971405
100,0,"StochOptForest
(apx-risk)",yes,2.5743542128319983
100,0,"StochOptForest
(apx-risk)",yes,2.862977183747237
100,0,"StochOptForest
(apx-risk)",yes,2.406336212787426
100,0,"StochOptForest
(apx-risk)",yes,2.7666675416329514
100,0,"StochOptForest
(apx-risk)",yes,2.390922429880745
100,0,"StochOptForest
(apx-risk)",yes,2.4826234943614307
100,0,"StochOptForest
(apx-risk)",yes,3.128828270559039
100,0,"StochOptForest
(apx-risk)",yes,2.372858096270088
100,0,"StochOptForest
(apx-risk)",yes,2.976217941973189
100,0,"StochOptForest
(apx-risk)",yes,2.9590726775085487
100,0,"StochOptForest
(apx-risk)",yes,2.4941280784213617
100,0,"StochOptForest
(apx-risk)",yes,2.874438924000266
100,0,"StochOptForest
(apx-risk)",yes,3.023979148936418
100,0,"StochOptForest
(apx-risk)",yes,2.771798510381176
100,0,"StochOptForest
(apx-risk)",yes,3.2226023681365286
100,0,"StochOptForest
(apx-risk)",yes,2.638898906166859
100,0,"StochOptForest
(apx-risk)",yes,2.4258266607975956
100,0,"StochOptForest
(apx-risk)",yes,2.552029028061051
100,0,"StochOptForest
(apx-risk)",yes,2.370583918736612
100,0,"StochOptForest
(apx-risk)",yes,2.495029497560223
100,0,"StochOptForest
(apx-risk)",yes,3.110478963414571
100,0,"StochOptForest
(apx-risk)",yes,2.786202467367344
100,0,"StochOptForest
(apx-risk)",yes,2.6639510279079204
100,0,"StochOptForest
(apx-risk)",yes,2.613535942335796
100,0,"StochOptForest
(apx-risk)",yes,2.608637607803737
100,0,"StochOptForest
(apx-risk)",yes,2.5163724915711323
100,0,"StochOptForest
(apx-risk)",yes,2.7840912357466037
100,0,"StochOptForest
(apx-risk)",yes,2.559761588177218
100,0,"StochOptForest
(apx-risk)",yes,2.3487060444714465
100,0,"StochOptForest
(apx-risk)",yes,2.7751715144569404
100,0,"StochOptForest
(apx-risk)",yes,3.0603442123906994
100,0,"StochOptForest
(apx-risk)",yes,2.6023745116169286
100,0,"StochOptForest
(apx-risk)",yes,2.765562244001112
100,0,"StochOptForest
(apx-risk)",yes,2.856856817961557
100,0,"StochOptForest
(apx-risk)",yes,2.8222071670502844
100,0,"StochOptForest
(apx-risk)",yes,3.7769328860349307
100,0,"StochOptForest
(apx-risk)",yes,2.6946379933931293
100,0,"StochOptForest
(apx-risk)",yes,2.525925913377704
100,0,"StochOptForest
(apx-risk)",yes,2.2205868804808713
100,0,"StochOptForest
(apx-risk)",yes,2.4786509775282606
100,0,"StochOptForest
(apx-risk)",yes,2.723476527478603
100,0,"StochOptForest
(apx-risk)",yes,2.554482520004356
100,0,"StochOptForest
(apx-risk)",yes,2.6412518861599894
100,0,"StochOptForest
(apx-risk)",yes,2.618716468583805
100,0,"StochOptForest
(apx-risk)",yes,2.4215960007024098
100,0,"StochOptForest
(apx-risk)",yes,2.661361834976831
100,0,"StochOptForest
(apx-risk)",yes,2.736863432319952
100,0,"StochOptForest
(apx-risk)",yes,2.477363603726271
100,0,"StochOptForest
(apx-risk)",yes,3.2759087088939842
100,0,"StochOptForest
(apx-risk)",yes,2.766037426942513
100,0,"StochOptForest
(apx-risk)",no,2.699273899187924
100,0,"StochOptForest
(apx-risk)",no,2.8625330300319347
100,0,"StochOptForest
(apx-risk)",no,2.4361357947644273
100,0,"StochOptForest
(apx-risk)",no,2.836235075953164
100,0,"StochOptForest
(apx-risk)",no,2.484185308741343
100,0,"StochOptForest
(apx-risk)",no,2.7487337104556038
100,0,"StochOptForest
(apx-risk)",no,3.081797872711406
100,0,"StochOptForest
(apx-risk)",no,2.35477146998416
100,0,"StochOptForest
(apx-risk)",no,3.0506158375331465
100,0,"StochOptForest
(apx-risk)",no,3.095207115646609
100,0,"StochOptForest
(apx-risk)",no,2.602981762442431
100,0,"StochOptForest
(apx-risk)",no,2.892762939718841
100,0,"StochOptForest
(apx-risk)",no,3.2804402770359644
100,0,"StochOptForest
(apx-risk)",no,3.092029027376622
100,0,"StochOptForest
(apx-risk)",no,3.2412096594011333
100,0,"StochOptForest
(apx-risk)",no,2.71084250146204
100,0,"StochOptForest
(apx-risk)",no,2.4671918700192683
100,0,"StochOptForest
(apx-risk)",no,2.5879159114905104
100,0,"StochOptForest
(apx-risk)",no,2.3961422869384674
100,0,"StochOptForest
(apx-risk)",no,2.6855538845344578
100,0,"StochOptForest
(apx-risk)",no,3.248528284704059
100,0,"StochOptForest
(apx-risk)",no,2.9491793038808143
100,0,"StochOptForest
(apx-risk)",no,2.9503832496852573
100,0,"StochOptForest
(apx-risk)",no,3.0355063912447044
100,0,"StochOptForest
(apx-risk)",no,2.9342659741190946
100,0,"StochOptForest
(apx-risk)",no,2.591176405357735
100,0,"StochOptForest
(apx-risk)",no,3.2441595473250002
100,0,"StochOptForest
(apx-risk)",no,2.6597948919302947
100,0,"StochOptForest
(apx-risk)",no,2.460621028462219
100,0,"StochOptForest
(apx-risk)",no,3.1582407634423366
100,0,"StochOptForest
(apx-risk)",no,3.1008000545650667
100,0,"StochOptForest
(apx-risk)",no,2.7422713547156397
100,0,"StochOptForest
(apx-risk)",no,2.951238519441697
100,0,"StochOptForest
(apx-risk)",no,2.8457383348881984
100,0,"StochOptForest
(apx-risk)",no,2.8198500845006595
100,0,"StochOptForest
(apx-risk)",no,4.022329382835779
100,0,"StochOptForest
(apx-risk)",no,2.679385412986105
100,0,"StochOptForest
(apx-risk)",no,2.8389854836438815
100,0,"StochOptForest
(apx-risk)",no,2.5519105808646896
100,0,"StochOptForest
(apx-risk)",no,2.438844233815369
100,0,"StochOptForest
(apx-risk)",no,3.0041072419867345
100,0,"StochOptForest
(apx-risk)",no,2.775648233990377
100,0,"StochOptForest
(apx-risk)",no,3.068879133969408
100,0,"StochOptForest
(apx-risk)",no,2.7227430873404592
100,0,"StochOptForest
(apx-risk)",no,2.495932763659484
100,0,"StochOptForest
(apx-risk)",no,2.6313185491571063
100,0,"StochOptForest
(apx-risk)",no,2.882227757486922
100,0,"StochOptForest
(apx-risk)",no,2.5285626044982767
100,0,"StochOptForest
(apx-risk)",no,3.213628916045808
100,0,"StochOptForest
(apx-risk)",no,2.827571358964467
100,0,RandSplitForest,no,2.6966630956564077
100,0,RandSplitForest,no,2.832562287084532
100,0,RandSplitForest,no,2.3539463267868146
100,0,RandSplitForest,no,2.788479668928359
100,0,RandSplitForest,no,2.48405108585667
100,0,RandSplitForest,no,2.7489874345599823
100,0,RandSplitForest,no,3.26831558063956
100,0,RandSplitForest,no,2.3633834140315586
100,0,RandSplitForest,no,3.0305739558724
100,0,RandSplitForest,no,3.1813302813017206
100,0,RandSplitForest,no,2.6355143781079233
100,0,RandSplitForest,no,2.9052344519591013
100,0,RandSplitForest,no,3.3773351716484714
100,0,RandSplitForest,no,3.094902691096848
100,0,RandSplitForest,no,3.2405564442663293
100,0,RandSplitForest,no,2.6452197787083147
100,0,RandSplitForest,no,2.464109027329388
100,0,RandSplitForest,no,2.591637428661039
100,0,RandSplitForest,no,2.3982621975429073
100,0,RandSplitForest,no,2.7223483594955544
100,0,RandSplitForest,no,3.2639900047921766
100,0,RandSplitForest,no,2.9338201039553353
100,0,RandSplitForest,no,2.999163930042886
100,0,RandSplitForest,no,3.0051213148625515
100,0,RandSplitForest,no,2.938810692112533
100,0,RandSplitForest,no,2.616864397896928
100,0,RandSplitForest,no,3.142300489378351
100,0,RandSplitForest,no,2.6888558764495043
100,0,RandSplitForest,no,2.4662069399459896
100,0,RandSplitForest,no,3.1622858500707336
100,0,RandSplitForest,no,2.9814448569134266
100,0,RandSplitForest,no,2.745002016760834
100,0,RandSplitForest,no,2.924675256696673
100,0,RandSplitForest,no,2.897217959899986
100,0,RandSplitForest,no,2.8557014689833604
100,0,RandSplitForest,no,4.030669523840064
100,0,RandSplitForest,no,2.7289974242748447
100,0,RandSplitForest,no,2.8752915104865755
100,0,RandSplitForest,no,2.6039787819758495
100,0,RandSplitForest,no,2.44051704154395
100,0,RandSplitForest,no,2.981698624018025
100,0,RandSplitForest,no,2.738015347466079
100,0,RandSplitForest,no,3.037363596928174
100,0,RandSplitForest,no,2.736760332954187
100,0,RandSplitForest,no,2.56735595699299
100,0,RandSplitForest,no,2.670863271036478
100,0,RandSplitForest,no,2.9177959409321916
100,0,RandSplitForest,no,2.5680952873100464
100,0,RandSplitForest,no,3.1932877480500474
100,0,RandSplitForest,no,2.838135484405364
100,0,RandForest,no,2.6546706077124322
100,0,RandForest,no,2.9301330299934225
100,0,RandForest,no,2.4026268641114403
100,0,RandForest,no,2.8283952114843696
100,0,RandForest,no,2.58669511413572
100,0,RandForest,no,2.6739432931226745
100,0,RandForest,no,3.4564289126133434
100,0,RandForest,no,2.3198310117069125
100,0,RandForest,no,2.912369142558376
100,0,RandForest,no,3.082396666311149
100,0,RandForest,no,2.7013108642476724
100,0,RandForest,no,3.004669024007604
100,0,RandForest,no,3.108767681256181
100,0,RandForest,no,3.086493144432738
100,0,RandForest,no,3.2397079087670195
100,0,RandForest,no,2.8121814646772445
100,0,RandForest,no,2.4687856673771322
100,0,RandForest,no,2.564610212454452
100,0,RandForest,no,2.4147078403657956
100,0,RandForest,no,2.819527287721714
100,0,RandForest,no,3.174850649624324
100,0,RandForest,no,2.9218485289371237
100,0,RandForest,no,3.0323658435806915
100,0,RandForest,no,2.882878709084382
100,0,RandForest,no,2.9697548164099445
100,0,RandForest,no,2.8128176652400474
100,0,RandForest,no,3.325977289771504
100,0,RandForest,no,2.7556939963352742
100,0,RandForest,no,2.410212699384835
100,0,RandForest,no,3.103886582882917
100,0,RandForest,no,3.0502958664532813
100,0,RandForest,no,2.7332536767205764
100,0,RandForest,no,2.818886500764122
100,0,RandForest,no,3.059351774436771
100,0,RandForest,no,2.8612575121052948
100,0,RandForest,no,4.071592303115746
100,0,RandForest,no,2.751483937059664
100,0,RandForest,no,2.8058063770707276
100,0,RandForest,no,2.450409998733385
100,0,RandForest,no,2.482235643501828
100,0,RandForest,no,3.0810565659434364
100,0,RandForest,no,2.7815910582826056
100,0,RandForest,no,2.9417698211623224
100,0,RandForest,no,2.79828229384985
100,0,RandForest,no,2.530447266687808
100,0,RandForest,no,2.7573534411609177
100,0,RandForest,no,2.752399330800872
100,0,RandForest,no,2.5510327719897377
100,0,RandForest,no,3.1904819595245475
100,0,RandForest,no,2.9073263146380324
100,0,"StochOptForest
(oracle)",yes,2.5306011721762927
100,0,"StochOptForest
(oracle)",yes,2.4925491637121397
100,0,"StochOptForest
(oracle)",yes,2.490115061265774
100,0,"StochOptForest
(oracle)",yes,2.5884465025976953
100,0,"StochOptForest
(oracle)",yes,2.3263049044338984
100,0,"StochOptForest
(oracle)",yes,2.4359592736676525
100,0,"StochOptForest
(oracle)",yes,2.9954112358125577
100,0,"StochOptForest
(oracle)",yes,2.2818035430744703
100,0,"StochOptForest
(oracle)",yes,2.782968544598642
100,0,"StochOptForest
(oracle)",yes,2.8979848661382834
100,0,"StochOptForest
(oracle)",yes,2.5053281830314447
100,0,"StochOptForest
(oracle)",yes,2.6805970507429002
100,0,"StochOptForest
(oracle)",yes,2.8641760948066692
100,0,"StochOptForest
(oracle)",yes,2.58056937271476
100,0,"StochOptForest
(oracle)",yes,3.20873940613246
100,0,"StochOptForest
(oracle)",yes,2.70009197154512
100,0,"StochOptForest
(oracle)",yes,2.4102871558725516
100,0,"StochOptForest
(oracle)",yes,2.485673975332368
100,0,"StochOptForest
(oracle)",yes,2.065019304251619
100,0,"StochOptForest
(oracle)",yes,2.2679296509927003
100,0,"StochOptForest
(oracle)",yes,3.161329285198913
100,0,"StochOptForest
(oracle)",yes,2.585616196894327
100,0,"StochOptForest
(oracle)",yes,2.6425083045126794
100,0,"StochOptForest
(oracle)",yes,2.565765705235998
100,0,"StochOptForest
(oracle)",yes,2.4725579693010142
100,0,"StochOptForest
(oracle)",yes,2.4450207571253917
100,0,"StochOptForest
(oracle)",yes,2.936334559075882
100,0,"StochOptForest
(oracle)",yes,2.198021492043289
100,0,"StochOptForest
(oracle)",yes,1.9723003140937279
100,0,"StochOptForest
(oracle)",yes,2.180848622839179
100,0,"StochOptForest
(oracle)",yes,3.098244316871303
100,0,"StochOptForest
(oracle)",yes,2.6418990113341376
100,0,"StochOptForest
(oracle)",yes,2.8301796822757246
100,0,"StochOptForest
(oracle)",yes,2.7926189816399254
100,0,"StochOptForest
(oracle)",yes,2.7485289141402314
100,0,"StochOptForest
(oracle)",yes,3.5447431338198854
100,0,"StochOptForest
(oracle)",yes,2.102225016838642
100,0,"StochOptForest
(oracle)",yes,2.495280661753727
100,0,"StochOptForest
(oracle)",yes,2.157567415005174
100,0,"StochOptForest
(oracle)",yes,2.5565197924413
100,0,"StochOptForest
(oracle)",yes,2.251179953085106
100,0,"StochOptForest
(oracle)",yes,2.5006855770050147
100,0,"StochOptForest
(oracle)",yes,2.1851633028956936
100,0,"StochOptForest
(oracle)",yes,2.5003313870696124
100,0,"StochOptForest
(oracle)",yes,2.9306290422983365
100,0,"StochOptForest
(oracle)",yes,2.6527122280141717
100,0,"StochOptForest
(oracle)",yes,2.531830185594252
100,0,"StochOptForest
(oracle)",yes,2.2334879310011755
100,0,"StochOptForest
(oracle)",yes,3.1201424666135336
100,0,"StochOptForest
(oracle)",yes,2.7921930270065705
200,0,"StochOptForest
(apx-soln)",yes,2.8760159527236384
200,0,"StochOptForest
(apx-soln)",yes,2.500144732917541
200,0,"StochOptForest
(apx-soln)",yes,2.8310406494040388
200,0,"StochOptForest
(apx-soln)",yes,2.053078311327278
200,0,"StochOptForest
(apx-soln)",yes,2.3034462735902266
200,0,"StochOptForest
(apx-soln)",yes,2.6599178376119714
200,0,"StochOptForest
(apx-soln)",yes,2.057001584407344
200,0,"StochOptForest
(apx-soln)",yes,2.4013877422218495
200,0,"StochOptForest
(apx-soln)",yes,1.9311069384702635
200,0,"StochOptForest
(apx-soln)",yes,2.1193625913060394
200,0,"StochOptForest
(apx-soln)",yes,1.774987534830665
200,0,"StochOptForest
(apx-soln)",yes,2.634773462358469
200,0,"StochOptForest
(apx-soln)",yes,2.3710927548523664
200,0,"StochOptForest
(apx-soln)",yes,2.2870997572802683
200,0,"StochOptForest
(apx-soln)",yes,2.281473811824889
200,0,"StochOptForest
(apx-soln)",yes,2.5093178882430003
200,0,"StochOptForest
(apx-soln)",yes,2.6677011448781043
200,0,"StochOptForest
(apx-soln)",yes,2.586817945959109
200,0,"StochOptForest
(apx-soln)",yes,2.8741690143116143
200,0,"StochOptForest
(apx-soln)",yes,2.6773934104486448
200,0,"StochOptForest
(apx-soln)",yes,2.725508476600303
200,0,"StochOptForest
(apx-soln)",yes,2.3960921359651697
200,0,"StochOptForest
(apx-soln)",yes,2.5946711867897796
200,0,"StochOptForest
(apx-soln)",yes,2.265711014511458
200,0,"StochOptForest
(apx-soln)",yes,2.0858890098618024
200,0,"StochOptForest
(apx-soln)",yes,2.62334769658398
200,0,"StochOptForest
(apx-soln)",yes,2.574370145604541
200,0,"StochOptForest
(apx-soln)",yes,2.4874713140481965
200,0,"StochOptForest
(apx-soln)",yes,2.40942373274029
200,0,"StochOptForest
(apx-soln)",yes,2.0915543117402824
200,0,"StochOptForest
(apx-soln)",yes,2.4516971247572465
200,0,"StochOptForest
(apx-soln)",yes,2.2902528717103863
200,0,"StochOptForest
(apx-soln)",yes,2.5438097272237816
200,0,"StochOptForest
(apx-soln)",yes,2.552177865328275
200,0,"StochOptForest
(apx-soln)",yes,2.4010963431983305
200,0,"StochOptForest
(apx-soln)",yes,2.0502931659970685
200,0,"StochOptForest
(apx-soln)",yes,2.5469058837173906
200,0,"StochOptForest
(apx-soln)",yes,3.4011281768243475
200,0,"StochOptForest
(apx-soln)",yes,2.3613860467557504
200,0,"StochOptForest
(apx-soln)",yes,2.2671771263281233
200,0,"StochOptForest
(apx-soln)",yes,2.992971899579691
200,0,"StochOptForest
(apx-soln)",yes,2.1748407642882848
200,0,"StochOptForest
(apx-soln)",yes,2.5833911495567774
200,0,"StochOptForest
(apx-soln)",yes,2.3351262355597617
200,0,"StochOptForest
(apx-soln)",yes,2.795803640300561
200,0,"StochOptForest
(apx-soln)",yes,2.096827710821919
200,0,"StochOptForest
(apx-soln)",yes,2.658802627861159
200,0,"StochOptForest
(apx-soln)",yes,2.5202618758419733
200,0,"StochOptForest
(apx-soln)",yes,2.3165910946657142
200,0,"StochOptForest
(apx-soln)",yes,2.4855494503223676
200,0,"StochOptForest
(apx-soln)",no,3.2187805510738774
200,0,"StochOptForest
(apx-soln)",no,2.680110072303566
200,0,"StochOptForest
(apx-soln)",no,2.8869953927565275
200,0,"StochOptForest
(apx-soln)",no,2.7820672347338062
200,0,"StochOptForest
(apx-soln)",no,2.5261502376414495
200,0,"StochOptForest
(apx-soln)",no,2.7484198779921867
200,0,"StochOptForest
(apx-soln)",no,2.881277612310827
200,0,"StochOptForest
(apx-soln)",no,2.7905031287434077
200,0,"StochOptForest
(apx-soln)",no,2.446295071478946
200,0,"StochOptForest
(apx-soln)",no,2.630212575444966
200,0,"StochOptForest
(apx-soln)",no,2.7265198411287703
200,0,"StochOptForest
(apx-soln)",no,2.6521087190147243
200,0,"StochOptForest
(apx-soln)",no,2.619720307550086
200,0,"StochOptForest
(apx-soln)",no,2.880254777496921
200,0,"StochOptForest
(apx-soln)",no,2.563576561827482
200,0,"StochOptForest
(apx-soln)",no,2.5558108065224783
200,0,"StochOptForest
(apx-soln)",no,2.9984510126326467
200,0,"StochOptForest
(apx-soln)",no,2.7340373296878537
200,0,"StochOptForest
(apx-soln)",no,3.203679868888519
200,0,"StochOptForest
(apx-soln)",no,3.0374143451855575
200,0,"StochOptForest
(apx-soln)",no,2.69906463241174
200,0,"StochOptForest
(apx-soln)",no,2.4858343405620587
200,0,"StochOptForest
(apx-soln)",no,2.8613207365951276
200,0,"StochOptForest
(apx-soln)",no,2.347639319356699
200,0,"StochOptForest
(apx-soln)",no,2.5226553666423395
200,0,"StochOptForest
(apx-soln)",no,3.160506973376138
200,0,"StochOptForest
(apx-soln)",no,2.6898534942215666
200,0,"StochOptForest
(apx-soln)",no,2.6090334359826812
200,0,"StochOptForest
(apx-soln)",no,2.587313831156325
200,0,"StochOptForest
(apx-soln)",no,2.6115484766176755
200,0,"StochOptForest
(apx-soln)",no,2.4772990120980802
200,0,"StochOptForest
(apx-soln)",no,2.6551263046557616
200,0,"StochOptForest
(apx-soln)",no,2.619905589639982
200,0,"StochOptForest
(apx-soln)",no,2.84469775798952
200,0,"StochOptForest
(apx-soln)",no,3.102095487001589
200,0,"StochOptForest
(apx-soln)",no,2.4067459781369256
200,0,"StochOptForest
(apx-soln)",no,2.6584745476523604
200,0,"StochOptForest
(apx-soln)",no,3.4486305825531383
200,0,"StochOptForest
(apx-soln)",no,2.668628063021511
200,0,"StochOptForest
(apx-soln)",no,2.489826782615932
200,0,"StochOptForest
(apx-soln)",no,3.044438902967372
200,0,"StochOptForest
(apx-soln)",no,2.292815768468439
200,0,"StochOptForest
(apx-soln)",no,2.732946437542856
200,0,"StochOptForest
(apx-soln)",no,2.6119316343009897
200,0,"StochOptForest
(apx-soln)",no,2.8793492305085
200,0,"StochOptForest
(apx-soln)",no,2.639157565400922
200,0,"StochOptForest
(apx-soln)",no,2.6007236653129713
200,0,"StochOptForest
(apx-soln)",no,2.7186744043222997
200,0,"StochOptForest
(apx-soln)",no,2.429472986411473
200,0,"StochOptForest
(apx-soln)",no,2.6821737819760925
200,0,"StochOptForest
(apx-risk)",yes,2.825428840828898
200,0,"StochOptForest
(apx-risk)",yes,2.66494099604931
200,0,"StochOptForest
(apx-risk)",yes,2.458258458166418
200,0,"StochOptForest
(apx-risk)",yes,2.3914624841631964
200,0,"StochOptForest
(apx-risk)",yes,2.3737898721859434
200,0,"StochOptForest
(apx-risk)",yes,2.572158026920704
200,0,"StochOptForest
(apx-risk)",yes,2.342952706128073
200,0,"StochOptForest
(apx-risk)",yes,2.2633554395437385
200,0,"StochOptForest
(apx-risk)",yes,1.8842773669807813
200,0,"StochOptForest
(apx-risk)",yes,2.0856848780936748
200,0,"StochOptForest
(apx-risk)",yes,1.7854087060926302
200,0,"StochOptForest
(apx-risk)",yes,2.5322590333402237
200,0,"StochOptForest
(apx-risk)",yes,2.316170672781272
200,0,"StochOptForest
(apx-risk)",yes,2.343479176247263
200,0,"StochOptForest
(apx-risk)",yes,1.7635823719890158
200,0,"StochOptForest
(apx-risk)",yes,2.3270530365199487
200,0,"StochOptForest
(apx-risk)",yes,2.5014029791869854
200,0,"StochOptForest
(apx-risk)",yes,2.4029045022720648
200,0,"StochOptForest
(apx-risk)",yes,2.6417343959318424
200,0,"StochOptForest
(apx-risk)",yes,2.557554987659336
200,0,"StochOptForest
(apx-risk)",yes,2.6114882194408375
200,0,"StochOptForest
(apx-risk)",yes,2.2572944270712747
200,0,"StochOptForest
(apx-risk)",yes,2.4040063168901282
200,0,"StochOptForest
(apx-risk)",yes,2.2741707155144666
200,0,"StochOptForest
(apx-risk)",yes,1.9478818144767505
200,0,"StochOptForest
(apx-risk)",yes,2.7264740985012343
200,0,"StochOptForest
(apx-risk)",yes,2.102680245185227
200,0,"StochOptForest
(apx-risk)",yes,2.461588764272098
200,0,"StochOptForest
(apx-risk)",yes,2.398002729941691
200,0,"StochOptForest
(apx-risk)",yes,1.9600164557373472
200,0,"StochOptForest
(apx-risk)",yes,2.3927035837087898
200,0,"StochOptForest
(apx-risk)",yes,2.4736461174210373
200,0,"StochOptForest
(apx-risk)",yes,2.2931929169474192
200,0,"StochOptForest
(apx-risk)",yes,2.0069463552368436
200,0,"StochOptForest
(apx-risk)",yes,2.3296566887248096
200,0,"StochOptForest
(apx-risk)",yes,1.6096392620683995
200,0,"StochOptForest
(apx-risk)",yes,2.274256683546126
200,0,"StochOptForest
(apx-risk)",yes,3.2388897393761233
200,0,"StochOptForest
(apx-risk)",yes,2.2519968953357945
200,0,"StochOptForest
(apx-risk)",yes,2.096873673891008
200,0,"StochOptForest
(apx-risk)",yes,2.557578304506851
200,0,"StochOptForest
(apx-risk)",yes,2.125711117240997
200,0,"StochOptForest
(apx-risk)",yes,2.570125177208366
200,0,"StochOptForest
(apx-risk)",yes,2.3639556079635953
200,0,"StochOptForest
(apx-risk)",yes,2.618257935346606
200,0,"StochOptForest
(apx-risk)",yes,2.1967126011348315
200,0,"StochOptForest
(apx-risk)",yes,2.4247512090034693
200,0,"StochOptForest
(apx-risk)",yes,2.387103229839585
200,0,"StochOptForest
(apx-risk)",yes,2.330350803705977
200,0,"StochOptForest
(apx-risk)",yes,2.5993217965534914
200,0,"StochOptForest
(apx-risk)",no,3.2568898429743385
200,0,"StochOptForest
(apx-risk)",no,2.654620395388801
200,0,"StochOptForest
(apx-risk)",no,2.806002212663906
200,0,"StochOptForest
(apx-risk)",no,2.745683307651955
200,0,"StochOptForest
(apx-risk)",no,2.496983616267106
200,0,"StochOptForest
(apx-risk)",no,2.717441733539821
200,0,"StochOptForest
(apx-risk)",no,2.8297068727691026
200,0,"StochOptForest
(apx-risk)",no,2.7876996627377535
200,0,"StochOptForest
(apx-risk)",no,2.5245728998545793
200,0,"StochOptForest
(apx-risk)",no,2.65357452892851
200,0,"StochOptForest
(apx-risk)",no,2.633377651017307
200,0,"StochOptForest
(apx-risk)",no,2.595283300458415
200,0,"StochOptForest
(apx-risk)",no,2.6048117111711964
200,0,"StochOptForest
(apx-risk)",no,2.842042727797061
200,0,"StochOptForest
(apx-risk)",no,2.5637600352488112
200,0,"StochOptForest
(apx-risk)",no,2.5186885146999294
200,0,"StochOptForest
(apx-risk)",no,2.955255525287064
200,0,"StochOptForest
(apx-risk)",no,2.7033304895321124
200,0,"StochOptForest
(apx-risk)",no,3.199260671762334
200,0,"StochOptForest
(apx-risk)",no,2.9991772946599564
200,0,"StochOptForest
(apx-risk)",no,2.718895864375172
200,0,"StochOptForest
(apx-risk)",no,2.477902936443888
200,0,"StochOptForest
(apx-risk)",no,2.8245470959672496
200,0,"StochOptForest
(apx-risk)",no,2.340360265685093
200,0,"StochOptForest
(apx-risk)",no,2.5446052068820384
200,0,"StochOptForest
(apx-risk)",no,3.127693244349591
200,0,"StochOptForest
(apx-risk)",no,2.7223191903051838
200,0,"StochOptForest
(apx-risk)",no,2.578088555347015
200,0,"StochOptForest
(apx-risk)",no,2.625245261844927
200,0,"StochOptForest
(apx-risk)",no,2.5664943904321316
200,0,"StochOptForest
(apx-risk)",no,2.456353924239672
200,0,"StochOptForest
(apx-risk)",no,2.6330331163202056
200,0,"StochOptForest
(apx-risk)",no,2.5819891705248446
200,0,"StochOptForest
(apx-risk)",no,2.900481739416903
200,0,"StochOptForest
(apx-risk)",no,3.0197853803644437
200,0,"StochOptForest
(apx-risk)",no,2.2965450775065555
200,0,"StochOptForest
(apx-risk)",no,2.6189165736938533
200,0,"StochOptForest
(apx-risk)",no,3.4194265743902896
200,0,"StochOptForest
(apx-risk)",no,2.564915843354995
200,0,"StochOptForest
(apx-risk)",no,2.477661576057214
200,0,"StochOptForest
(apx-risk)",no,3.043840406259136
200,0,"StochOptForest
(apx-risk)",no,2.2690498867757527
200,0,"StochOptForest
(apx-risk)",no,2.6858200809585933
200,0,"StochOptForest
(apx-risk)",no,2.629600748950114
200,0,"StochOptForest
(apx-risk)",no,2.873201870293654
200,0,"StochOptForest
(apx-risk)",no,2.6515492024841203
200,0,"StochOptForest
(apx-risk)",no,2.6386035429428065
200,0,"StochOptForest
(apx-risk)",no,2.736452383631761
200,0,"StochOptForest
(apx-risk)",no,2.3972592668233745
200,0,"StochOptForest
(apx-risk)",no,2.6558845010031984
200,0,RandSplitForest,no,3.1639530790406725
200,0,RandSplitForest,no,2.6757607461243222
200,0,RandSplitForest,no,2.817604938268575
200,0,RandSplitForest,no,2.676099944356773
200,0,RandSplitForest,no,2.528248601599088
200,0,RandSplitForest,no,2.680880488246374
200,0,RandSplitForest,no,2.9042031464606586
200,0,RandSplitForest,no,2.7632717381184846
200,0,RandSplitForest,no,2.563012902120179
200,0,RandSplitForest,no,2.6014306092865223
200,0,RandSplitForest,no,2.6969805582155115
200,0,RandSplitForest,no,2.623523699544502
200,0,RandSplitForest,no,2.5902419452461114
200,0,RandSplitForest,no,2.839310243657094
200,0,RandSplitForest,no,2.529018329133362
200,0,RandSplitForest,no,2.54813383929321
200,0,RandSplitForest,no,2.9728945140327996
200,0,RandSplitForest,no,2.7321620172000354
200,0,RandSplitForest,no,3.187665829562748
200,0,RandSplitForest,no,2.9605942257303064
200,0,RandSplitForest,no,2.672960505688096
200,0,RandSplitForest,no,2.577848547021439
200,0,RandSplitForest,no,2.790767370706073
200,0,RandSplitForest,no,2.3592581260180094
200,0,RandSplitForest,no,2.530337877752467
200,0,RandSplitForest,no,3.0189126956020997
200,0,RandSplitForest,no,2.7606908739917086
200,0,RandSplitForest,no,2.5702933472577163
200,0,RandSplitForest,no,2.6670405315156973
200,0,RandSplitForest,no,2.5337024623259756
200,0,RandSplitForest,no,2.481425802959005
200,0,RandSplitForest,no,2.627884595808767
200,0,RandSplitForest,no,2.57567052126916
200,0,RandSplitForest,no,2.9247616675991157
200,0,RandSplitForest,no,3.0174674441579983
200,0,RandSplitForest,no,2.4006976472789585
200,0,RandSplitForest,no,2.651795558746595
200,0,RandSplitForest,no,3.354409490080257
200,0,RandSplitForest,no,2.6673752240083544
200,0,RandSplitForest,no,2.4774745062251973
200,0,RandSplitForest,no,3.063917853723167
200,0,RandSplitForest,no,2.3071532450139034
200,0,RandSplitForest,no,2.648324404088592
200,0,RandSplitForest,no,2.5915548287316605
200,0,RandSplitForest,no,2.8639312292337396
200,0,RandSplitForest,no,2.6563529640397476
200,0,RandSplitForest,no,2.586392514430777
200,0,RandSplitForest,no,2.7275638853605653
200,0,RandSplitForest,no,2.4126202031899533
200,0,RandSplitForest,no,2.6252437013885377
200,0,RandForest,no,3.2533349169106263
200,0,RandForest,no,2.4945172342738724
200,0,RandForest,no,2.977164332354522
200,0,RandForest,no,2.733260371817485
200,0,RandForest,no,2.550541524232803
200,0,RandForest,no,2.7422908173618454
200,0,RandForest,no,2.6684863761634015
200,0,RandForest,no,2.7617275439998177
200,0,RandForest,no,2.515767504734897
200,0,RandForest,no,2.43149631871791
200,0,RandForest,no,2.6942942704290354
200,0,RandForest,no,2.674589866687246
200,0,RandForest,no,2.653395162265832
200,0,RandForest,no,3.001105897589022
200,0,RandForest,no,2.6301066541183133
200,0,RandForest,no,2.6286390898539533
200,0,RandForest,no,2.9604246307066555
200,0,RandForest,no,2.740535352352822
200,0,RandForest,no,3.1932645331405274
200,0,RandForest,no,3.084037641598863
200,0,RandForest,no,2.7408519388981847
200,0,RandForest,no,2.4749653700492167
200,0,RandForest,no,2.781266670814366
200,0,RandForest,no,2.3145477695508982
200,0,RandForest,no,2.5016822674441483
200,0,RandForest,no,3.282984451794887
200,0,RandForest,no,2.7566158035157153
200,0,RandForest,no,2.7639939694124145
200,0,RandForest,no,2.456925147927903
200,0,RandForest,no,2.5408591416035704
200,0,RandForest,no,2.5429273241015005
200,0,RandForest,no,2.6153312760550302
200,0,RandForest,no,2.5780033101590702
200,0,RandForest,no,2.855158991359741
200,0,RandForest,no,3.0303566242808
200,0,RandForest,no,2.402399150678508
200,0,RandForest,no,2.7090642715117723
200,0,RandForest,no,3.4416721718107266
200,0,RandForest,no,2.7215395577146024
200,0,RandForest,no,2.478384917064129
200,0,RandForest,no,3.0454321351948574
200,0,RandForest,no,2.369117826835549
200,0,RandForest,no,2.8713685547792123
200,0,RandForest,no,2.5454726098751217
200,0,RandForest,no,3.0487660253148348
200,0,RandForest,no,2.6762703411407616
200,0,RandForest,no,2.6726965641475813
200,0,RandForest,no,2.7934556986387866
200,0,RandForest,no,2.477574277260804
200,0,RandForest,no,2.744222029973416
200,0,"StochOptForest
(oracle)",yes,2.044693494234287
200,0,"StochOptForest
(oracle)",yes,2.216915194631453
200,0,"StochOptForest
(oracle)",yes,2.582836079461364
200,0,"StochOptForest
(oracle)",yes,1.8488455659863194
200,0,"StochOptForest
(oracle)",yes,2.247475086382117
200,0,"StochOptForest
(oracle)",yes,2.6089678956435267
200,0,"StochOptForest
(oracle)",yes,2.0866859790222723
200,0,"StochOptForest
(oracle)",yes,2.1730706794859325
200,0,"StochOptForest
(oracle)",yes,1.5575267110010889
200,0,"StochOptForest
(oracle)",yes,1.766990968655478
200,0,"StochOptForest
(oracle)",yes,1.41628666066732
200,0,"StochOptForest
(oracle)",yes,2.45437585347584
200,0,"StochOptForest
(oracle)",yes,1.7055685625575658
200,0,"StochOptForest
(oracle)",yes,1.6801675792595168
200,0,"StochOptForest
(oracle)",yes,1.711642961984644
200,0,"StochOptForest
(oracle)",yes,2.4186351988454624
200,0,"StochOptForest
(oracle)",yes,2.0802792651353825
200,0,"StochOptForest
(oracle)",yes,2.439522516322728
200,0,"StochOptForest
(oracle)",yes,1.9001408350838538
200,0,"StochOptForest
(oracle)",yes,1.6710911672450588
200,0,"StochOptForest
(oracle)",yes,2.553076594260531
200,0,"StochOptForest
(oracle)",yes,2.0281505844414927
200,0,"StochOptForest
(oracle)",yes,2.05458354119594
200,0,"StochOptForest
(oracle)",yes,2.007635318761414
200,0,"StochOptForest
(oracle)",yes,1.9765649793552114
200,0,"StochOptForest
(oracle)",yes,2.042588969188687
200,0,"StochOptForest
(oracle)",yes,2.3449143401225636
200,0,"StochOptForest
(oracle)",yes,2.4867931764649405
200,0,"StochOptForest
(oracle)",yes,1.9859033941910316
200,0,"StochOptForest
(oracle)",yes,1.7089579412181517
200,0,"StochOptForest
(oracle)",yes,2.4170746021007656
200,0,"StochOptForest
(oracle)",yes,2.0919975531343282
200,0,"StochOptForest
(oracle)",yes,2.1534281146522316
200,0,"StochOptForest
(oracle)",yes,2.003556345596827
200,0,"StochOptForest
(oracle)",yes,1.7742989168400853
200,0,"StochOptForest
(oracle)",yes,1.5740306504781798
200,0,"StochOptForest
(oracle)",yes,1.647973830328078
200,0,"StochOptForest
(oracle)",yes,3.3139956869497804
200,0,"StochOptForest
(oracle)",yes,2.1779845739621404
200,0,"StochOptForest
(oracle)",yes,1.956705566380671
200,0,"StochOptForest
(oracle)",yes,2.5094709916681586
200,0,"StochOptForest
(oracle)",yes,2.148135492309324
200,0,"StochOptForest
(oracle)",yes,2.410962919423864
200,0,"StochOptForest
(oracle)",yes,2.268637808742468
200,0,"StochOptForest
(oracle)",yes,2.5453660682481223
200,0,"StochOptForest
(oracle)",yes,2.0636442904558616
200,0,"StochOptForest
(oracle)",yes,2.3394426343223014
200,0,"StochOptForest
(oracle)",yes,2.057935153795169
200,0,"StochOptForest
(oracle)",yes,2.383762624768226
200,0,"StochOptForest
(oracle)",yes,2.390819847308104
400,0,"StochOptForest
(apx-soln)",yes,1.8598329737247892
400,0,"StochOptForest
(apx-soln)",yes,1.9833869216422078
400,0,"StochOptForest
(apx-soln)",yes,1.8242582287448985
400,0,"StochOptForest
(apx-soln)",yes,1.7102819393119906
400,0,"StochOptForest
(apx-soln)",yes,2.2274700285245985
400,0,"StochOptForest
(apx-soln)",yes,2.221516626925917
400,0,"StochOptForest
(apx-soln)",yes,2.6138320232221406
400,0,"StochOptForest
(apx-soln)",yes,1.8919066927469925
400,0,"StochOptForest
(apx-soln)",yes,1.7185209243332336
400,0,"StochOptForest
(apx-soln)",yes,2.4564999523789486
400,0,"StochOptForest
(apx-soln)",yes,2.3128299385059896
400,0,"StochOptForest
(apx-soln)",yes,2.4309022466463315
400,0,"StochOptForest
(apx-soln)",yes,2.157507667696353
400,0,"StochOptForest
(apx-soln)",yes,1.9337873042164668
400,0,"StochOptForest
(apx-soln)",yes,2.2915544318103147
400,0,"StochOptForest
(apx-soln)",yes,1.8196888244944212
400,0,"StochOptForest
(apx-soln)",yes,1.8091711844029483
400,0,"StochOptForest
(apx-soln)",yes,1.8582881415852572
400,0,"StochOptForest
(apx-soln)",yes,2.2618118072780793
400,0,"StochOptForest
(apx-soln)",yes,1.9192358482049492
400,0,"StochOptForest
(apx-soln)",yes,1.830106236294116
400,0,"StochOptForest
(apx-soln)",yes,2.3976669063071925
400,0,"StochOptForest
(apx-soln)",yes,2.161873588197969
400,0,"StochOptForest
(apx-soln)",yes,1.9251334446951431
400,0,"StochOptForest
(apx-soln)",yes,2.4172371129170758
400,0,"StochOptForest
(apx-soln)",yes,1.4757826249439483
400,0,"StochOptForest
(apx-soln)",yes,1.4790207334780172
400,0,"StochOptForest
(apx-soln)",yes,2.2776267672351884
400,0,"StochOptForest
(apx-soln)",yes,2.015837513013365
400,0,"StochOptForest
(apx-soln)",yes,1.4989476919063198
400,0,"StochOptForest
(apx-soln)",yes,1.6151951125288795
400,0,"StochOptForest
(apx-soln)",yes,1.6646415500583756
400,0,"StochOptForest
(apx-soln)",yes,1.8872785155935774
400,0,"StochOptForest
(apx-soln)",yes,1.7548096932067139
400,0,"StochOptForest
(apx-soln)",yes,2.204851187608039
400,0,"StochOptForest
(apx-soln)",yes,1.707254722372298
400,0,"StochOptForest
(apx-soln)",yes,1.9622442184606508
400,0,"StochOptForest
(apx-soln)",yes,1.8487408950499382
400,0,"StochOptForest
(apx-soln)",yes,1.6590877790555125
400,0,"StochOptForest
(apx-soln)",yes,2.7026883499724037
400,0,"StochOptForest
(apx-soln)",yes,1.6754579021270015
400,0,"StochOptForest
(apx-soln)",yes,2.269740228080781
400,0,"StochOptForest
(apx-soln)",yes,2.312500515561001
400,0,"StochOptForest
(apx-soln)",yes,2.1479213917850823
400,0,"StochOptForest
(apx-soln)",yes,1.5258134940668764
400,0,"StochOptForest
(apx-soln)",yes,2.091883233687717
400,0,"StochOptForest
(apx-soln)",yes,2.3232753057271953
400,0,"StochOptForest
(apx-soln)",yes,1.8436979144944243
400,0,"StochOptForest
(apx-soln)",yes,1.8039322036512861
400,0,"StochOptForest
(apx-soln)",yes,2.361524934295066
400,0,"StochOptForest
(apx-soln)",no,2.6686105756560186
400,0,"StochOptForest
(apx-soln)",no,2.4384889476868423
400,0,"StochOptForest
(apx-soln)",no,2.4840602787374455
400,0,"StochOptForest
(apx-soln)",no,2.4687387166038093
400,0,"StochOptForest
(apx-soln)",no,3.113482939740445
400,0,"StochOptForest
(apx-soln)",no,2.6276899655846786
400,0,"StochOptForest
(apx-soln)",no,3.038221278934321
400,0,"StochOptForest
(apx-soln)",no,2.4649143617177462
400,0,"StochOptForest
(apx-soln)",no,2.5511608197220923
400,0,"StochOptForest
(apx-soln)",no,3.106194413808745
400,0,"StochOptForest
(apx-soln)",no,2.577597985460899
400,0,"StochOptForest
(apx-soln)",no,3.5427514460565366
400,0,"StochOptForest
(apx-soln)",no,2.8476467845204763
400,0,"StochOptForest
(apx-soln)",no,2.5625154111930883
400,0,"StochOptForest
(apx-soln)",no,4.320936664608561
400,0,"StochOptForest
(apx-soln)",no,2.675690173456153
400,0,"StochOptForest
(apx-soln)",no,2.795518164744866
400,0,"StochOptForest
(apx-soln)",no,2.6991169032575955
400,0,"StochOptForest
(apx-soln)",no,3.0550793381686683
400,0,"StochOptForest
(apx-soln)",no,2.69812882975983
400,0,"StochOptForest
(apx-soln)",no,2.269802011676287
400,0,"StochOptForest
(apx-soln)",no,2.557740157665797
400,0,"StochOptForest
(apx-soln)",no,2.557561615963627
400,0,"StochOptForest
(apx-soln)",no,3.0746779121660373
400,0,"StochOptForest
(apx-soln)",no,2.7397076341070337
400,0,"StochOptForest
(apx-soln)",no,2.2944266561393962
400,0,"StochOptForest
(apx-soln)",no,2.5542255489611176
400,0,"StochOptForest
(apx-soln)",no,2.977273499254235
400,0,"StochOptForest
(apx-soln)",no,2.4555240244578798
400,0,"StochOptForest
(apx-soln)",no,2.4149422616771785
400,0,"StochOptForest
(apx-soln)",no,2.253919100387144
400,0,"StochOptForest
(apx-soln)",no,2.666673011061892
400,0,"StochOptForest
(apx-soln)",no,2.623360142671964
400,0,"StochOptForest
(apx-soln)",no,2.6841956291928013
400,0,"StochOptForest
(apx-soln)",no,2.693202835174022
400,0,"StochOptForest
(apx-soln)",no,2.5925910717180827
400,0,"StochOptForest
(apx-soln)",no,2.698265481314831
400,0,"StochOptForest
(apx-soln)",no,2.613574737850797
400,0,"StochOptForest
(apx-soln)",no,2.4825548696922555
400,0,"StochOptForest
(apx-soln)",no,2.996508097831553
400,0,"StochOptForest
(apx-soln)",no,2.771808002994628
400,0,"StochOptForest
(apx-soln)",no,3.036861134945131
400,0,"StochOptForest
(apx-soln)",no,2.705068525990649
400,0,"StochOptForest
(apx-soln)",no,2.62873667085137
400,0,"StochOptForest
(apx-soln)",no,2.6788015645762897
400,0,"StochOptForest
(apx-soln)",no,2.5553124154636144
400,0,"StochOptForest
(apx-soln)",no,3.1182044591262583
400,0,"StochOptForest
(apx-soln)",no,2.3333758576180177
400,0,"StochOptForest
(apx-soln)",no,2.5991453143599577
400,0,"StochOptForest
(apx-soln)",no,2.7482423138830545
400,0,"StochOptForest
(apx-risk)",yes,1.6897448682514513
400,0,"StochOptForest
(apx-risk)",yes,1.629038890750676
400,0,"StochOptForest
(apx-risk)",yes,1.7110786622360523
400,0,"StochOptForest
(apx-risk)",yes,1.8996374506401712
400,0,"StochOptForest
(apx-risk)",yes,2.3179402300076752
400,0,"StochOptForest
(apx-risk)",yes,2.0220218287633913
400,0,"StochOptForest
(apx-risk)",yes,2.320470418972037
400,0,"StochOptForest
(apx-risk)",yes,1.9886915239450618
400,0,"StochOptForest
(apx-risk)",yes,1.7001073253365098
400,0,"StochOptForest
(apx-risk)",yes,1.8316527069159045
400,0,"StochOptForest
(apx-risk)",yes,2.3219369255995828
400,0,"StochOptForest
(apx-risk)",yes,1.9441098725673436
400,0,"StochOptForest
(apx-risk)",yes,2.2345315616679615
400,0,"StochOptForest
(apx-risk)",yes,1.6116422213259025
400,0,"StochOptForest
(apx-risk)",yes,1.760098772002405
400,0,"StochOptForest
(apx-risk)",yes,1.7357755379212874
400,0,"StochOptForest
(apx-risk)",yes,1.4789996000240613
400,0,"StochOptForest
(apx-risk)",yes,1.85810579159768
400,0,"StochOptForest
(apx-risk)",yes,1.645883387147334
400,0,"StochOptForest
(apx-risk)",yes,1.99746046321081
400,0,"StochOptForest
(apx-risk)",yes,1.5765004137712464
400,0,"StochOptForest
(apx-risk)",yes,2.1326185187431776
400,0,"StochOptForest
(apx-risk)",yes,1.8749367017289182
400,0,"StochOptForest
(apx-risk)",yes,1.9522164358995757
400,0,"StochOptForest
(apx-risk)",yes,1.6741644501437787
400,0,"StochOptForest
(apx-risk)",yes,1.5170798295029955
400,0,"StochOptForest
(apx-risk)",yes,1.4239886150002183
400,0,"StochOptForest
(apx-risk)",yes,2.1176673135840205
400,0,"StochOptForest
(apx-risk)",yes,2.0515141564034876
400,0,"StochOptForest
(apx-risk)",yes,1.818345927168529
400,0,"StochOptForest
(apx-risk)",yes,1.7388692686159584
400,0,"StochOptForest
(apx-risk)",yes,1.4658324989484712
400,0,"StochOptForest
(apx-risk)",yes,1.6270480220700816
400,0,"StochOptForest
(apx-risk)",yes,1.6047168857666618
400,0,"StochOptForest
(apx-risk)",yes,1.8928904301841767
400,0,"StochOptForest
(apx-risk)",yes,1.5041025955583316
400,0,"StochOptForest
(apx-risk)",yes,1.5019502111806438
400,0,"StochOptForest
(apx-risk)",yes,2.0086033537977612
400,0,"StochOptForest
(apx-risk)",yes,1.9191019053401137
400,0,"StochOptForest
(apx-risk)",yes,2.333218445871708
400,0,"StochOptForest
(apx-risk)",yes,1.2891251002128812
400,0,"StochOptForest
(apx-risk)",yes,1.6132669076381225
400,0,"StochOptForest
(apx-risk)",yes,1.7271089077077635
400,0,"StochOptForest
(apx-risk)",yes,1.7799281056044545
400,0,"StochOptForest
(apx-risk)",yes,1.7719442915860428
400,0,"StochOptForest
(apx-risk)",yes,1.984941027526583
400,0,"StochOptForest
(apx-risk)",yes,2.402806319715448
400,0,"StochOptForest
(apx-risk)",yes,1.6555584070393725
400,0,"StochOptForest
(apx-risk)",yes,1.4780657199715292
400,0,"StochOptForest
(apx-risk)",yes,2.2115688778050027
400,0,"StochOptForest
(apx-risk)",no,2.7247962259870633
400,0,"StochOptForest
(apx-risk)",no,2.3822900243803486
400,0,"StochOptForest
(apx-risk)",no,2.473848591001091
400,0,"StochOptForest
(apx-risk)",no,2.442910906657595
400,0,"StochOptForest
(apx-risk)",no,2.9986174678739297
400,0,"StochOptForest
(apx-risk)",no,2.5984255489340784
400,0,"StochOptForest
(apx-risk)",no,3.0377387468074146
400,0,"StochOptForest
(apx-risk)",no,2.4257097549411046
400,0,"StochOptForest
(apx-risk)",no,2.3757568469226498
400,0,"StochOptForest
(apx-risk)",no,3.0801914803682435
400,0,"StochOptForest
(apx-risk)",no,2.610653678197525
400,0,"StochOptForest
(apx-risk)",no,3.489635282368627
400,0,"StochOptForest
(apx-risk)",no,2.814489320881271
400,0,"StochOptForest
(apx-risk)",no,2.6546858858017965
400,0,"StochOptForest
(apx-risk)",no,4.284681138978931
400,0,"StochOptForest
(apx-risk)",no,2.6095748386722186
400,0,"StochOptForest
(apx-risk)",no,2.7764829205407775
400,0,"StochOptForest
(apx-risk)",no,2.659537714881156
400,0,"StochOptForest
(apx-risk)",no,2.8749429715379846
400,0,"StochOptForest
(apx-risk)",no,2.6512468064619386
400,0,"StochOptForest
(apx-risk)",no,2.2342105381519572
400,0,"StochOptForest
(apx-risk)",no,2.515684304825646
400,0,"StochOptForest
(apx-risk)",no,2.517649302069383
400,0,"StochOptForest
(apx-risk)",no,2.9212007029048266
400,0,"StochOptForest
(apx-risk)",no,2.751194386324431
400,0,"StochOptForest
(apx-risk)",no,2.248718338357634
400,0,"StochOptForest
(apx-risk)",no,2.4014718616273436
400,0,"StochOptForest
(apx-risk)",no,3.0004597063620726
400,0,"StochOptForest
(apx-risk)",no,2.4252159733007144
400,0,"StochOptForest
(apx-risk)",no,2.3359539835638077
400,0,"StochOptForest
(apx-risk)",no,2.3281852356184634
400,0,"StochOptForest
(apx-risk)",no,2.61409997740983
400,0,"StochOptForest
(apx-risk)",no,2.6515108359434625
400,0,"StochOptForest
(apx-risk)",no,2.6297855032598654
400,0,"StochOptForest
(apx-risk)",no,2.7408405587529074
400,0,"StochOptForest
(apx-risk)",no,2.6209777561109298
400,0,"StochOptForest
(apx-risk)",no,2.687457431393594
400,0,"StochOptForest
(apx-risk)",no,2.561826661870045
400,0,"StochOptForest
(apx-risk)",no,2.44663081990098
400,0,"StochOptForest
(apx-risk)",no,3.02187128915026
400,0,"StochOptForest
(apx-risk)",no,2.743668112717079
400,0,"StochOptForest
(apx-risk)",no,3.0710320597841756
400,0,"StochOptForest
(apx-risk)",no,2.753943216902841
400,0,"StochOptForest
(apx-risk)",no,2.648499566581033
400,0,"StochOptForest
(apx-risk)",no,2.665151694337538
400,0,"StochOptForest
(apx-risk)",no,2.3385965069186967
400,0,"StochOptForest
(apx-risk)",no,2.9825192204374003
400,0,"StochOptForest
(apx-risk)",no,2.2443364194831767
400,0,"StochOptForest
(apx-risk)",no,2.6095443650275114
400,0,"StochOptForest
(apx-risk)",no,2.770123446785673
400,0,RandSplitForest,no,2.6996648871394253
400,0,RandSplitForest,no,2.5177139843379766
400,0,RandSplitForest,no,2.490021986989678
400,0,RandSplitForest,no,2.391103087817309
400,0,RandSplitForest,no,3.0535936508972576
400,0,RandSplitForest,no,2.5675728194705307
400,0,RandSplitForest,no,3.0926053807368947
400,0,RandSplitForest,no,2.471394724965488
400,0,RandSplitForest,no,2.478022933074423
400,0,RandSplitForest,no,3.079789359437397
400,0,RandSplitForest,no,2.5899214029929385
400,0,RandSplitForest,no,3.467006859168327
400,0,RandSplitForest,no,2.86851407759841
400,0,RandSplitForest,no,2.6659466774463194
400,0,RandSplitForest,no,4.219784627894222
400,0,RandSplitForest,no,2.8163562650724394
400,0,RandSplitForest,no,2.7994705707703176
400,0,RandSplitForest,no,2.6853062307915514
400,0,RandSplitForest,no,2.981968207191063
400,0,RandSplitForest,no,2.6727455133277545
400,0,RandSplitForest,no,2.2506452772706567
400,0,RandSplitForest,no,2.5303739875424696
400,0,RandSplitForest,no,2.53582056407146
400,0,RandSplitForest,no,3.01300110949578
400,0,RandSplitForest,no,2.7482881785960616
400,0,RandSplitForest,no,2.3187998731705965
400,0,RandSplitForest,no,2.55000775290338
400,0,RandSplitForest,no,3.0021021047514056
400,0,RandSplitForest,no,2.445236147992569
400,0,RandSplitForest,no,2.366918933285568
400,0,RandSplitForest,no,2.251319363541759
400,0,RandSplitForest,no,2.680641027837422
400,0,RandSplitForest,no,2.6590051896348212
400,0,RandSplitForest,no,2.665465270706537
400,0,RandSplitForest,no,2.7780257503682497
400,0,RandSplitForest,no,2.630273850708514
400,0,RandSplitForest,no,2.6672937128222043
400,0,RandSplitForest,no,2.611824079130149
400,0,RandSplitForest,no,2.450939779209066
400,0,RandSplitForest,no,2.972925281729545
400,0,RandSplitForest,no,2.7234668381019693
400,0,RandSplitForest,no,3.14678662431483
400,0,RandSplitForest,no,2.7277124100529693
400,0,RandSplitForest,no,2.654483503170712
400,0,RandSplitForest,no,2.6107787083592493
400,0,RandSplitForest,no,2.523908118446153
400,0,RandSplitForest,no,3.062444164256617
400,0,RandSplitForest,no,2.3355287948388197
400,0,RandSplitForest,no,2.634678811152924
400,0,RandSplitForest,no,2.8134151683585533
400,0,RandForest,no,2.6770114721777554
400,0,RandForest,no,2.469373298551079
400,0,RandForest,no,2.3797062326986707
400,0,RandForest,no,2.392058494771626
400,0,RandForest,no,3.058418208547319
400,0,RandForest,no,2.695771287638337
400,0,RandForest,no,2.863935182270881
400,0,RandForest,no,2.4165848906491196
400,0,RandForest,no,2.501868443975856
400,0,RandForest,no,3.014403883871022
400,0,RandForest,no,2.6057130287517887
400,0,RandForest,no,3.4512796749431938
400,0,RandForest,no,2.846482028160985
400,0,RandForest,no,2.629708161238885
400,0,RandForest,no,3.9927308745476053
400,0,RandForest,no,2.672558710869417
400,0,RandForest,no,2.742794552368128
400,0,RandForest,no,2.646313226016452
400,0,RandForest,no,2.884561324433288
400,0,RandForest,no,2.6440301802741164
400,0,RandForest,no,2.3223439696145283
400,0,RandForest,no,2.5458943403675898
400,0,RandForest,no,2.6017196640489644
400,0,RandForest,no,2.8546656017269174
400,0,RandForest,no,2.7920883457322234
400,0,RandForest,no,2.2417097790176976
400,0,RandForest,no,2.4588277552227757
400,0,RandForest,no,2.9663364502916747
400,0,RandForest,no,2.473671477943215
400,0,RandForest,no,2.3663038836398145
400,0,RandForest,no,2.2104594131413795
400,0,RandForest,no,2.6071840819624184
400,0,RandForest,no,2.55623992072744
400,0,RandForest,no,2.663802913191015
400,0,RandForest,no,2.6848699301713026
400,0,RandForest,no,2.5715010068263706
400,0,RandForest,no,2.6867980706081562
400,0,RandForest,no,2.5639229647510016
400,0,RandForest,no,2.4821165816098083
400,0,RandForest,no,2.942270017113365
400,0,RandForest,no,2.8038404316742076
400,0,RandForest,no,2.9369041615216736
400,0,RandForest,no,2.713805199622444
400,0,RandForest,no,2.5167109128647964
400,0,RandForest,no,2.5487898676357514
400,0,RandForest,no,2.575302035285303
400,0,RandForest,no,3.0114782984870505
400,0,RandForest,no,2.264092083885715
400,0,RandForest,no,2.5719558144502086
400,0,RandForest,no,2.791859365481207
400,0,"StochOptForest
(oracle)",yes,1.267122005679542
400,0,"StochOptForest
(oracle)",yes,1.389216002944272
400,0,"StochOptForest
(oracle)",yes,1.2699585489886411
400,0,"StochOptForest
(oracle)",yes,1.4358767779039976
400,0,"StochOptForest
(oracle)",yes,1.8234272210831093
400,0,"StochOptForest
(oracle)",yes,2.137235809858913
400,0,"StochOptForest
(oracle)",yes,2.0091147248500962
400,0,"StochOptForest
(oracle)",yes,1.7671594402599153
400,0,"StochOptForest
(oracle)",yes,1.2547820740908844
400,0,"StochOptForest
(oracle)",yes,1.582625761567569
400,0,"StochOptForest
(oracle)",yes,1.9544911758080006
400,0,"StochOptForest
(oracle)",yes,1.8785399756438685
400,0,"StochOptForest
(oracle)",yes,1.797383900312916
400,0,"StochOptForest
(oracle)",yes,1.5919786546676657
400,0,"StochOptForest
(oracle)",yes,1.9267099822945957
400,0,"StochOptForest
(oracle)",yes,1.521716106820436
400,0,"StochOptForest
(oracle)",yes,1.3961025090868346
400,0,"StochOptForest
(oracle)",yes,1.3996387125144027
400,0,"StochOptForest
(oracle)",yes,1.3525484573294715
400,0,"StochOptForest
(oracle)",yes,1.4898008062194767
400,0,"StochOptForest
(oracle)",yes,1.4119947272588083
400,0,"StochOptForest
(oracle)",yes,2.1477753024951247
400,0,"StochOptForest
(oracle)",yes,1.7634144977961894
400,0,"StochOptForest
(oracle)",yes,1.5681523058727778
400,0,"StochOptForest
(oracle)",yes,1.9851730073192102
400,0,"StochOptForest
(oracle)",yes,1.4908649328031496
400,0,"StochOptForest
(oracle)",yes,1.3442799611147158
400,0,"StochOptForest
(oracle)",yes,1.6381206793558187
400,0,"StochOptForest
(oracle)",yes,1.7137942740995504
400,0,"StochOptForest
(oracle)",yes,1.2257046102210059
400,0,"StochOptForest
(oracle)",yes,1.4337959290331275
400,0,"StochOptForest
(oracle)",yes,1.3624819541576205
400,0,"StochOptForest
(oracle)",yes,1.375339735870178
400,0,"StochOptForest
(oracle)",yes,1.3492965367912586
400,0,"StochOptForest
(oracle)",yes,1.4101123483010776
400,0,"StochOptForest
(oracle)",yes,1.2980638085529808
400,0,"StochOptForest
(oracle)",yes,1.405223457822627
400,0,"StochOptForest
(oracle)",yes,1.5882237233392067
400,0,"StochOptForest
(oracle)",yes,1.2758840132286278
400,0,"StochOptForest
(oracle)",yes,2.3350866224478066
400,0,"StochOptForest
(oracle)",yes,1.3088438069553936
400,0,"StochOptForest
(oracle)",yes,1.6553136531359345
400,0,"StochOptForest
(oracle)",yes,1.7729707802935497
400,0,"StochOptForest
(oracle)",yes,1.6373131918878443
400,0,"StochOptForest
(oracle)",yes,1.3893756461968567
400,0,"StochOptForest
(oracle)",yes,1.666730487283343
400,0,"StochOptForest
(oracle)",yes,1.3749624638998732
400,0,"StochOptForest
(oracle)",yes,1.545104678140084
400,0,"StochOptForest
(oracle)",yes,1.3881761041027567
400,0,"StochOptForest
(oracle)",yes,2.1257591956052226
