obj_coef,Method,Constraint,rel_risk,n
0,"StochOptForest
(apx-soln)",yes,1.3679569068825062,400
0,"StochOptForest
(apx-soln)",yes,1.2943092632517366,400
0,"StochOptForest
(apx-soln)",yes,1.2774473762927312,400
0,"StochOptForest
(apx-soln)",yes,1.2286968819666442,400
0,"StochOptForest
(apx-soln)",yes,1.4693974197391502,400
0,"StochOptForest
(apx-soln)",yes,1.2052760704765928,400
0,"StochOptForest
(apx-soln)",yes,1.2482851768351315,400
0,"StochOptForest
(apx-soln)",yes,1.2729233443885921,400
0,"StochOptForest
(apx-soln)",yes,1.3138584130106519,400
0,"StochOptForest
(apx-soln)",yes,1.4012750486995678,400
0,"StochOptForest
(apx-soln)",yes,1.404486811723204,400
0,"StochOptForest
(apx-soln)",yes,1.3482161516879687,400
0,"StochOptForest
(apx-soln)",yes,1.2501739566509202,400
0,"StochOptForest
(apx-soln)",yes,1.239594377610744,400
0,"StochOptForest
(apx-soln)",yes,1.155428731140799,400
0,"StochOptForest
(apx-soln)",yes,1.3190694764352282,400
0,"StochOptForest
(apx-soln)",yes,1.3102119172431148,400
0,"StochOptForest
(apx-soln)",yes,1.5705139277657232,400
0,"StochOptForest
(apx-soln)",yes,1.234426051372435,400
0,"StochOptForest
(apx-soln)",yes,1.3544841167226063,400
0,"StochOptForest
(apx-soln)",yes,1.2939300863970724,400
0,"StochOptForest
(apx-soln)",yes,1.2722513062655398,400
0,"StochOptForest
(apx-soln)",yes,1.3661181560935942,400
0,"StochOptForest
(apx-soln)",yes,1.3148616664333652,400
0,"StochOptForest
(apx-soln)",yes,1.2308399941395465,400
0,"StochOptForest
(apx-soln)",yes,1.164046765105132,400
0,"StochOptForest
(apx-soln)",yes,1.3943309959181478,400
0,"StochOptForest
(apx-soln)",yes,1.2720847599279734,400
0,"StochOptForest
(apx-soln)",yes,1.3013443044991369,400
0,"StochOptForest
(apx-soln)",yes,1.3045300855249806,400
0,"StochOptForest
(apx-soln)",yes,1.3042393374815169,400
0,"StochOptForest
(apx-soln)",yes,1.4527832784870556,400
0,"StochOptForest
(apx-soln)",yes,1.3791918476080307,400
0,"StochOptForest
(apx-soln)",yes,1.3783507042176066,400
0,"StochOptForest
(apx-soln)",yes,1.230645190593269,400
0,"StochOptForest
(apx-soln)",yes,1.4402531032501145,400
0,"StochOptForest
(apx-soln)",yes,1.4095744490527602,400
0,"StochOptForest
(apx-soln)",yes,1.2549577218152816,400
0,"StochOptForest
(apx-soln)",yes,1.2569003569013468,400
0,"StochOptForest
(apx-soln)",yes,1.2870981685554759,400
0,"StochOptForest
(apx-soln)",yes,1.2147582149883267,400
0,"StochOptForest
(apx-soln)",yes,1.4364433044851879,400
0,"StochOptForest
(apx-soln)",yes,1.2261400466913408,400
0,"StochOptForest
(apx-soln)",yes,1.2935605171486615,400
0,"StochOptForest
(apx-soln)",yes,1.382797291251077,400
0,"StochOptForest
(apx-soln)",yes,1.2528466951390873,400
0,"StochOptForest
(apx-soln)",yes,1.3897733830068457,400
0,"StochOptForest
(apx-soln)",yes,1.2954047964897264,400
0,"StochOptForest
(apx-soln)",yes,1.3190867214985305,400
0,"StochOptForest
(apx-soln)",yes,1.2210689120729712,400
0,"StochOptForest
(apx-soln)",no,1.4324294798717048,400
0,"StochOptForest
(apx-soln)",no,1.4249280195379954,400
0,"StochOptForest
(apx-soln)",no,1.351612257728477,400
0,"StochOptForest
(apx-soln)",no,1.4475999156669672,400
0,"StochOptForest
(apx-soln)",no,1.4995106244480838,400
0,"StochOptForest
(apx-soln)",no,1.39344072413607,400
0,"StochOptForest
(apx-soln)",no,1.4351348244100013,400
0,"StochOptForest
(apx-soln)",no,1.4566297009227342,400
0,"StochOptForest
(apx-soln)",no,1.403007188960378,400
0,"StochOptForest
(apx-soln)",no,1.4545918878658874,400
0,"StochOptForest
(apx-soln)",no,1.560008412462241,400
0,"StochOptForest
(apx-soln)",no,1.4417445697127846,400
0,"StochOptForest
(apx-soln)",no,1.345569077424899,400
0,"StochOptForest
(apx-soln)",no,1.3841980739743314,400
0,"StochOptForest
(apx-soln)",no,1.3811007881644377,400
0,"StochOptForest
(apx-soln)",no,1.3335738327515396,400
0,"StochOptForest
(apx-soln)",no,1.409871261147438,400
0,"StochOptForest
(apx-soln)",no,1.5575781305767917,400
0,"StochOptForest
(apx-soln)",no,1.4427426381233337,400
0,"StochOptForest
(apx-soln)",no,1.4148992844760455,400
0,"StochOptForest
(apx-soln)",no,1.3621171193254713,400
0,"StochOptForest
(apx-soln)",no,1.5053729125388775,400
0,"StochOptForest
(apx-soln)",no,1.4471997129482659,400
0,"StochOptForest
(apx-soln)",no,1.4973837503184118,400
0,"StochOptForest
(apx-soln)",no,1.3809362729742292,400
0,"StochOptForest
(apx-soln)",no,1.4330968586243635,400
0,"StochOptForest
(apx-soln)",no,1.4871701324850413,400
0,"StochOptForest
(apx-soln)",no,1.4262324285692316,400
0,"StochOptForest
(apx-soln)",no,1.4508048650646408,400
0,"StochOptForest
(apx-soln)",no,1.4235857983341456,400
0,"StochOptForest
(apx-soln)",no,1.4569812602722376,400
0,"StochOptForest
(apx-soln)",no,1.6225798867575474,400
0,"StochOptForest
(apx-soln)",no,1.4937235912032263,400
0,"StochOptForest
(apx-soln)",no,1.44463131073646,400
0,"StochOptForest
(apx-soln)",no,1.3759180452061885,400
0,"StochOptForest
(apx-soln)",no,1.4722638819347034,400
0,"StochOptForest
(apx-soln)",no,1.4450714399195406,400
0,"StochOptForest
(apx-soln)",no,1.4261178347246337,400
0,"StochOptForest
(apx-soln)",no,1.420345602395245,400
0,"StochOptForest
(apx-soln)",no,1.528405406037878,400
0,"StochOptForest
(apx-soln)",no,1.39393218884102,400
0,"StochOptForest
(apx-soln)",no,1.456627547697987,400
0,"StochOptForest
(apx-soln)",no,1.4498446592870626,400
0,"StochOptForest
(apx-soln)",no,1.4173637148536458,400
0,"StochOptForest
(apx-soln)",no,1.4792990155312886,400
0,"StochOptForest
(apx-soln)",no,1.3806190609473128,400
0,"StochOptForest
(apx-soln)",no,1.420825178578603,400
0,"StochOptForest
(apx-soln)",no,1.4868091646548958,400
0,"StochOptForest
(apx-soln)",no,1.4659038639725852,400
0,"StochOptForest
(apx-soln)",no,1.369593626054449,400
0,"StochOptForest
(apx-risk)",yes,1.4068723231545703,400
0,"StochOptForest
(apx-risk)",yes,1.2434090528192734,400
0,"StochOptForest
(apx-risk)",yes,1.314198169151093,400
0,"StochOptForest
(apx-risk)",yes,1.1701297716872596,400
0,"StochOptForest
(apx-risk)",yes,1.4153552359970398,400
0,"StochOptForest
(apx-risk)",yes,1.2378494519742367,400
0,"StochOptForest
(apx-risk)",yes,1.1960156594128182,400
0,"StochOptForest
(apx-risk)",yes,1.256930621421581,400
0,"StochOptForest
(apx-risk)",yes,1.3063966416848192,400
0,"StochOptForest
(apx-risk)",yes,1.3187684123954633,400
0,"StochOptForest
(apx-risk)",yes,1.3952319972024076,400
0,"StochOptForest
(apx-risk)",yes,1.316623998632498,400
0,"StochOptForest
(apx-risk)",yes,1.2677873106061974,400
0,"StochOptForest
(apx-risk)",yes,1.1788680190632492,400
0,"StochOptForest
(apx-risk)",yes,1.240016946880444,400
0,"StochOptForest
(apx-risk)",yes,1.3100357022574691,400
0,"StochOptForest
(apx-risk)",yes,1.3505554281511873,400
0,"StochOptForest
(apx-risk)",yes,1.479823373176453,400
0,"StochOptForest
(apx-risk)",yes,1.3141319117793078,400
0,"StochOptForest
(apx-risk)",yes,1.394826926383456,400
0,"StochOptForest
(apx-risk)",yes,1.2544787745346224,400
0,"StochOptForest
(apx-risk)",yes,1.2460356220272426,400
0,"StochOptForest
(apx-risk)",yes,1.2542022283999117,400
0,"StochOptForest
(apx-risk)",yes,1.3583346516585675,400
0,"StochOptForest
(apx-risk)",yes,1.283399837532852,400
0,"StochOptForest
(apx-risk)",yes,1.1448494641514988,400
0,"StochOptForest
(apx-risk)",yes,1.4551425647152125,400
0,"StochOptForest
(apx-risk)",yes,1.3163201941005094,400
0,"StochOptForest
(apx-risk)",yes,1.3931772466234356,400
0,"StochOptForest
(apx-risk)",yes,1.3194736765189423,400
0,"StochOptForest
(apx-risk)",yes,1.2231377647503139,400
0,"StochOptForest
(apx-risk)",yes,1.3031246111793526,400
0,"StochOptForest
(apx-risk)",yes,1.3880011569912996,400
0,"StochOptForest
(apx-risk)",yes,1.332655117265779,400
0,"StochOptForest
(apx-risk)",yes,1.3090937393195106,400
0,"StochOptForest
(apx-risk)",yes,1.3398259508259331,400
0,"StochOptForest
(apx-risk)",yes,1.4065442738570386,400
0,"StochOptForest
(apx-risk)",yes,1.2562275805105527,400
0,"StochOptForest
(apx-risk)",yes,1.3056813528918658,400
0,"StochOptForest
(apx-risk)",yes,1.2720388031661063,400
0,"StochOptForest
(apx-risk)",yes,1.2728921033339498,400
0,"StochOptForest
(apx-risk)",yes,1.3588056491709881,400
0,"StochOptForest
(apx-risk)",yes,1.3139691616915685,400
0,"StochOptForest
(apx-risk)",yes,1.281065330096755,400
0,"StochOptForest
(apx-risk)",yes,1.4015557530538898,400
0,"StochOptForest
(apx-risk)",yes,1.2629199790596937,400
0,"StochOptForest
(apx-risk)",yes,1.344603922430575,400
0,"StochOptForest
(apx-risk)",yes,1.2779182321191327,400
0,"StochOptForest
(apx-risk)",yes,1.2873503566933338,400
0,"StochOptForest
(apx-risk)",yes,1.211546297790216,400
0,"StochOptForest
(apx-risk)",no,1.4296060723173893,400
0,"StochOptForest
(apx-risk)",no,1.4076900937086871,400
0,"StochOptForest
(apx-risk)",no,1.343924141296433,400
0,"StochOptForest
(apx-risk)",no,1.463760910591595,400
0,"StochOptForest
(apx-risk)",no,1.5144254866317324,400
0,"StochOptForest
(apx-risk)",no,1.3618005855363888,400
0,"StochOptForest
(apx-risk)",no,1.412208540710232,400
0,"StochOptForest
(apx-risk)",no,1.4178332496599393,400
0,"StochOptForest
(apx-risk)",no,1.3844318280434356,400
0,"StochOptForest
(apx-risk)",no,1.434917560742747,400
0,"StochOptForest
(apx-risk)",no,1.5292875085097732,400
0,"StochOptForest
(apx-risk)",no,1.4332384317191038,400
0,"StochOptForest
(apx-risk)",no,1.3504386281018033,400
0,"StochOptForest
(apx-risk)",no,1.3583653819275279,400
0,"StochOptForest
(apx-risk)",no,1.350068921716976,400
0,"StochOptForest
(apx-risk)",no,1.327912492735787,400
0,"StochOptForest
(apx-risk)",no,1.4100096771869075,400
0,"StochOptForest
(apx-risk)",no,1.5606110624081357,400
0,"StochOptForest
(apx-risk)",no,1.416708434503144,400
0,"StochOptForest
(apx-risk)",no,1.3983929008124143,400
0,"StochOptForest
(apx-risk)",no,1.3539600268055476,400
0,"StochOptForest
(apx-risk)",no,1.4807365245102908,400
0,"StochOptForest
(apx-risk)",no,1.4567485964187539,400
0,"StochOptForest
(apx-risk)",no,1.4687314802799527,400
0,"StochOptForest
(apx-risk)",no,1.3732492160078722,400
0,"StochOptForest
(apx-risk)",no,1.4469065130876235,400
0,"StochOptForest
(apx-risk)",no,1.469327052877255,400
0,"StochOptForest
(apx-risk)",no,1.4126939414105042,400
0,"StochOptForest
(apx-risk)",no,1.4295323601721357,400
0,"StochOptForest
(apx-risk)",no,1.450267646570755,400
0,"StochOptForest
(apx-risk)",no,1.418679470744974,400
0,"StochOptForest
(apx-risk)",no,1.61195163447056,400
0,"StochOptForest
(apx-risk)",no,1.4879251700426654,400
0,"StochOptForest
(apx-risk)",no,1.410024265382286,400
0,"StochOptForest
(apx-risk)",no,1.356591210236352,400
0,"StochOptForest
(apx-risk)",no,1.4893014576964871,400
0,"StochOptForest
(apx-risk)",no,1.4465599970630925,400
0,"StochOptForest
(apx-risk)",no,1.4267116243827878,400
0,"StochOptForest
(apx-risk)",no,1.412218117379998,400
0,"StochOptForest
(apx-risk)",no,1.509843205976357,400
0,"StochOptForest
(apx-risk)",no,1.3513962871985126,400
0,"StochOptForest
(apx-risk)",no,1.4442176177794044,400
0,"StochOptForest
(apx-risk)",no,1.4221383043399616,400
0,"StochOptForest
(apx-risk)",no,1.441718060499625,400
0,"StochOptForest
(apx-risk)",no,1.4747316531352184,400
0,"StochOptForest
(apx-risk)",no,1.3624454262696162,400
0,"StochOptForest
(apx-risk)",no,1.4076162757246937,400
0,"StochOptForest
(apx-risk)",no,1.4739702909125645,400
0,"StochOptForest
(apx-risk)",no,1.4568457760667204,400
0,"StochOptForest
(apx-risk)",no,1.3527065357477652,400
0,RandSplitForest,no,1.4219529412071723,400
0,RandSplitForest,no,1.4242223221567312,400
0,RandSplitForest,no,1.3414318567698562,400
0,RandSplitForest,no,1.460364836684256,400
0,RandSplitForest,no,1.5196186336509245,400
0,RandSplitForest,no,1.397486896107113,400
0,RandSplitForest,no,1.416640535029902,400
0,RandSplitForest,no,1.4597924426771522,400
0,RandSplitForest,no,1.3993615250074531,400
0,RandSplitForest,no,1.455396593996268,400
0,RandSplitForest,no,1.554210283312134,400
0,RandSplitForest,no,1.445147228504578,400
0,RandSplitForest,no,1.3587236950673476,400
0,RandSplitForest,no,1.387144514238365,400
0,RandSplitForest,no,1.407212040259831,400
0,RandSplitForest,no,1.353914140226752,400
0,RandSplitForest,no,1.4020553722457338,400
0,RandSplitForest,no,1.5568197048354169,400
0,RandSplitForest,no,1.4422553125085409,400
0,RandSplitForest,no,1.4077672998183004,400
0,RandSplitForest,no,1.366500188714132,400
0,RandSplitForest,no,1.511254955280986,400
0,RandSplitForest,no,1.4441660610668512,400
0,RandSplitForest,no,1.4952998785820755,400
0,RandSplitForest,no,1.373059231854773,400
0,RandSplitForest,no,1.452232716848069,400
0,RandSplitForest,no,1.4916637087321611,400
0,RandSplitForest,no,1.420813649059538,400
0,RandSplitForest,no,1.4572551357165668,400
0,RandSplitForest,no,1.4502608288120493,400
0,RandSplitForest,no,1.4592280404616293,400
0,RandSplitForest,no,1.6216383941468562,400
0,RandSplitForest,no,1.4761258240754047,400
0,RandSplitForest,no,1.4491555010037385,400
0,RandSplitForest,no,1.3643838473057643,400
0,RandSplitForest,no,1.491146790106641,400
0,RandSplitForest,no,1.439324819509809,400
0,RandSplitForest,no,1.4245641926484125,400
0,RandSplitForest,no,1.4150345596706706,400
0,RandSplitForest,no,1.5207714964641312,400
0,RandSplitForest,no,1.3902343181168801,400
0,RandSplitForest,no,1.489927228695073,400
0,RandSplitForest,no,1.448470162636036,400
0,RandSplitForest,no,1.4455446272712853,400
0,RandSplitForest,no,1.485820015461582,400
0,RandSplitForest,no,1.3705461790632654,400
0,RandSplitForest,no,1.4206802779565952,400
0,RandSplitForest,no,1.4957342309347954,400
0,RandSplitForest,no,1.4918903897645897,400
0,RandSplitForest,no,1.3576904022393539,400
0,RandForest,no,1.4674231556336546,400
0,RandForest,no,1.4435278346892817,400
0,RandForest,no,1.3629889118353586,400
0,RandForest,no,1.456975245747813,400
0,RandForest,no,1.4971220848757165,400
0,RandForest,no,1.3822635705699802,400
0,RandForest,no,1.3440517928435443,400
0,RandForest,no,1.42537267419561,400
0,RandForest,no,1.4194549433830714,400
0,RandForest,no,1.4788640316812982,400
0,RandForest,no,1.5352382214243152,400
0,RandForest,no,1.4677220280484675,400
0,RandForest,no,1.3742048062179628,400
0,RandForest,no,1.3718036198314834,400
0,RandForest,no,1.2889994742601545,400
0,RandForest,no,1.373209431732497,400
0,RandForest,no,1.4140037747963872,400
0,RandForest,no,1.5777589382348864,400
0,RandForest,no,1.4800049833632813,400
0,RandForest,no,1.449710599014462,400
0,RandForest,no,1.3865103531470748,400
0,RandForest,no,1.4593527239788378,400
0,RandForest,no,1.3809905595340017,400
0,RandForest,no,1.4808212714179674,400
0,RandForest,no,1.357488500801725,400
0,RandForest,no,1.3770604823534367,400
0,RandForest,no,1.4684853236442403,400
0,RandForest,no,1.4168742611304326,400
0,RandForest,no,1.4741355107191516,400
0,RandForest,no,1.4413089248547162,400
0,RandForest,no,1.3881630671176752,400
0,RandForest,no,1.4774309070279334,400
0,RandForest,no,1.47976505659088,400
0,RandForest,no,1.4848029653814137,400
0,RandForest,no,1.4039889232510967,400
0,RandForest,no,1.4867268982827226,400
0,RandForest,no,1.4671415113319755,400
0,RandForest,no,1.4158038279642027,400
0,RandForest,no,1.4153250119428207,400
0,RandForest,no,1.4457396405817282,400
0,RandForest,no,1.4101119860881302,400
0,RandForest,no,1.4763183144332663,400
0,RandForest,no,1.4350937704403972,400
0,RandForest,no,1.331368108666791,400
0,RandForest,no,1.458841568076347,400
0,RandForest,no,1.3893736124472467,400
0,RandForest,no,1.4589807682632532,400
0,RandForest,no,1.3684878256078625,400
0,RandForest,no,1.3796574197374507,400
0,RandForest,no,1.3285740697227972,400
1,"StochOptForest
(apx-soln)",yes,1.3461773593890958,400
1,"StochOptForest
(apx-soln)",yes,1.2342476978399832,400
1,"StochOptForest
(apx-soln)",yes,1.0655796028131992,400
1,"StochOptForest
(apx-soln)",yes,1.2620422812864664,400
1,"StochOptForest
(apx-soln)",yes,1.2629616132544932,400
1,"StochOptForest
(apx-soln)",yes,1.2117852097399928,400
1,"StochOptForest
(apx-soln)",yes,1.377518027837759,400
1,"StochOptForest
(apx-soln)",yes,1.1869017934969586,400
1,"StochOptForest
(apx-soln)",yes,1.3365553694463086,400
1,"StochOptForest
(apx-soln)",yes,1.1752105146082887,400
1,"StochOptForest
(apx-soln)",yes,1.1501483533883317,400
1,"StochOptForest
(apx-soln)",yes,1.2551347560217492,400
1,"StochOptForest
(apx-soln)",yes,1.3378185306015307,400
1,"StochOptForest
(apx-soln)",yes,1.2534577076928954,400
1,"StochOptForest
(apx-soln)",yes,1.1621799419169305,400
1,"StochOptForest
(apx-soln)",yes,1.2521950407812918,400
1,"StochOptForest
(apx-soln)",yes,1.2757139599652376,400
1,"StochOptForest
(apx-soln)",yes,1.2106934913822347,400
1,"StochOptForest
(apx-soln)",yes,1.281825667261923,400
1,"StochOptForest
(apx-soln)",yes,1.2141011863914897,400
1,"StochOptForest
(apx-soln)",yes,1.331781958583649,400
1,"StochOptForest
(apx-soln)",yes,1.259552554585522,400
1,"StochOptForest
(apx-soln)",yes,1.2553187581473233,400
1,"StochOptForest
(apx-soln)",yes,1.2015212045188788,400
1,"StochOptForest
(apx-soln)",yes,1.176927173933937,400
1,"StochOptForest
(apx-soln)",yes,1.2160498258271084,400
1,"StochOptForest
(apx-soln)",yes,1.1876482753775233,400
1,"StochOptForest
(apx-soln)",yes,1.2350006862860514,400
1,"StochOptForest
(apx-soln)",yes,1.1651650130881144,400
1,"StochOptForest
(apx-soln)",yes,1.2729859983034415,400
1,"StochOptForest
(apx-soln)",yes,1.136353458391343,400
1,"StochOptForest
(apx-soln)",yes,1.354705435680337,400
1,"StochOptForest
(apx-soln)",yes,1.1473847293562645,400
1,"StochOptForest
(apx-soln)",yes,1.1742133592905757,400
1,"StochOptForest
(apx-soln)",yes,1.3159051167358238,400
1,"StochOptForest
(apx-soln)",yes,1.3050609054441236,400
1,"StochOptForest
(apx-soln)",yes,1.1588383584971782,400
1,"StochOptForest
(apx-soln)",yes,1.1405849205634824,400
1,"StochOptForest
(apx-soln)",yes,1.2527224136517925,400
1,"StochOptForest
(apx-soln)",yes,1.083315194238485,400
1,"StochOptForest
(apx-soln)",yes,1.2334903023491268,400
1,"StochOptForest
(apx-soln)",yes,1.1052093392407667,400
1,"StochOptForest
(apx-soln)",yes,1.2180245808772705,400
1,"StochOptForest
(apx-soln)",yes,1.353405611031884,400
1,"StochOptForest
(apx-soln)",yes,1.2795101957169712,400
1,"StochOptForest
(apx-soln)",yes,1.162948591874494,400
1,"StochOptForest
(apx-soln)",yes,1.2981168335715105,400
1,"StochOptForest
(apx-soln)",yes,1.4045462508139468,400
1,"StochOptForest
(apx-soln)",yes,1.2261135735376387,400
1,"StochOptForest
(apx-soln)",yes,1.120907889198275,400
1,"StochOptForest
(apx-soln)",no,1.4210127414248013,400
1,"StochOptForest
(apx-soln)",no,1.3308599100241714,400
1,"StochOptForest
(apx-soln)",no,1.2901117599340235,400
1,"StochOptForest
(apx-soln)",no,1.3820603523068855,400
1,"StochOptForest
(apx-soln)",no,1.3524367064950653,400
1,"StochOptForest
(apx-soln)",no,1.4228297852622547,400
1,"StochOptForest
(apx-soln)",no,1.3657621401748463,400
1,"StochOptForest
(apx-soln)",no,1.4166262410983501,400
1,"StochOptForest
(apx-soln)",no,1.3431448118552187,400
1,"StochOptForest
(apx-soln)",no,1.352556183703241,400
1,"StochOptForest
(apx-soln)",no,1.3270147754059252,400
1,"StochOptForest
(apx-soln)",no,1.3788296871002932,400
1,"StochOptForest
(apx-soln)",no,1.4156247545306597,400
1,"StochOptForest
(apx-soln)",no,1.3553316801503996,400
1,"StochOptForest
(apx-soln)",no,1.4037073323643299,400
1,"StochOptForest
(apx-soln)",no,1.3407259912064242,400
1,"StochOptForest
(apx-soln)",no,1.381537647322552,400
1,"StochOptForest
(apx-soln)",no,1.4014882926587255,400
1,"StochOptForest
(apx-soln)",no,1.3523944528511151,400
1,"StochOptForest
(apx-soln)",no,1.3449863301511291,400
1,"StochOptForest
(apx-soln)",no,1.3756083402687505,400
1,"StochOptForest
(apx-soln)",no,1.349174484946636,400
1,"StochOptForest
(apx-soln)",no,1.3140946809253038,400
1,"StochOptForest
(apx-soln)",no,1.3493667332109018,400
1,"StochOptForest
(apx-soln)",no,1.3601708768803438,400
1,"StochOptForest
(apx-soln)",no,1.3817449210228958,400
1,"StochOptForest
(apx-soln)",no,1.4127568771800292,400
1,"StochOptForest
(apx-soln)",no,1.3277921375931971,400
1,"StochOptForest
(apx-soln)",no,1.3524788760018693,400
1,"StochOptForest
(apx-soln)",no,1.3347528913448952,400
1,"StochOptForest
(apx-soln)",no,1.3657415181090335,400
1,"StochOptForest
(apx-soln)",no,1.4084179628747782,400
1,"StochOptForest
(apx-soln)",no,1.3729973410259266,400
1,"StochOptForest
(apx-soln)",no,1.3413529418776569,400
1,"StochOptForest
(apx-soln)",no,1.4062332709335943,400
1,"StochOptForest
(apx-soln)",no,1.3820947945296345,400
1,"StochOptForest
(apx-soln)",no,1.3800359669241933,400
1,"StochOptForest
(apx-soln)",no,1.3744835385466114,400
1,"StochOptForest
(apx-soln)",no,1.3468014564581625,400
1,"StochOptForest
(apx-soln)",no,1.3545373602187667,400
1,"StochOptForest
(apx-soln)",no,1.3526406564319629,400
1,"StochOptForest
(apx-soln)",no,1.3384593439862036,400
1,"StochOptForest
(apx-soln)",no,1.394498670498508,400
1,"StochOptForest
(apx-soln)",no,1.4731674144117608,400
1,"StochOptForest
(apx-soln)",no,1.3857709619902125,400
1,"StochOptForest
(apx-soln)",no,1.471748856422785,400
1,"StochOptForest
(apx-soln)",no,1.387298083120831,400
1,"StochOptForest
(apx-soln)",no,1.411537719331918,400
1,"StochOptForest
(apx-soln)",no,1.3540552377471748,400
1,"StochOptForest
(apx-soln)",no,1.38662625001218,400
1,"StochOptForest
(apx-risk)",yes,1.3008001241904155,400
1,"StochOptForest
(apx-risk)",yes,1.2983774594255537,400
1,"StochOptForest
(apx-risk)",yes,1.1537078102520524,400
1,"StochOptForest
(apx-risk)",yes,1.3481012242342632,400
1,"StochOptForest
(apx-risk)",yes,1.302593912049647,400
1,"StochOptForest
(apx-risk)",yes,1.2718783184810305,400
1,"StochOptForest
(apx-risk)",yes,1.3937617775224018,400
1,"StochOptForest
(apx-risk)",yes,1.2151114502358655,400
1,"StochOptForest
(apx-risk)",yes,1.3402106161723055,400
1,"StochOptForest
(apx-risk)",yes,1.2130130213430004,400
1,"StochOptForest
(apx-risk)",yes,1.192021704311461,400
1,"StochOptForest
(apx-risk)",yes,1.3033255005391784,400
1,"StochOptForest
(apx-risk)",yes,1.3884027105801475,400
1,"StochOptForest
(apx-risk)",yes,1.191947228999641,400
1,"StochOptForest
(apx-risk)",yes,1.154784230930676,400
1,"StochOptForest
(apx-risk)",yes,1.2865662167243856,400
1,"StochOptForest
(apx-risk)",yes,1.3322592377734137,400
1,"StochOptForest
(apx-risk)",yes,1.202763565296016,400
1,"StochOptForest
(apx-risk)",yes,1.2947776416183996,400
1,"StochOptForest
(apx-risk)",yes,1.242440817360654,400
1,"StochOptForest
(apx-risk)",yes,1.3731323750552762,400
1,"StochOptForest
(apx-risk)",yes,1.2733737005057522,400
1,"StochOptForest
(apx-risk)",yes,1.2500975941020283,400
1,"StochOptForest
(apx-risk)",yes,1.2181329871278124,400
1,"StochOptForest
(apx-risk)",yes,1.1985126872726828,400
1,"StochOptForest
(apx-risk)",yes,1.2073821095361559,400
1,"StochOptForest
(apx-risk)",yes,1.1629089115083155,400
1,"StochOptForest
(apx-risk)",yes,1.2581409498352687,400
1,"StochOptForest
(apx-risk)",yes,1.1922590239810187,400
1,"StochOptForest
(apx-risk)",yes,1.2597180257912455,400
1,"StochOptForest
(apx-risk)",yes,1.1551647943137655,400
1,"StochOptForest
(apx-risk)",yes,1.3084900121784178,400
1,"StochOptForest
(apx-risk)",yes,1.2064904229254563,400
1,"StochOptForest
(apx-risk)",yes,1.252002189423124,400
1,"StochOptForest
(apx-risk)",yes,1.3326669008171208,400
1,"StochOptForest
(apx-risk)",yes,1.3333892036443895,400
1,"StochOptForest
(apx-risk)",yes,1.1617499415303214,400
1,"StochOptForest
(apx-risk)",yes,1.1232826035595138,400
1,"StochOptForest
(apx-risk)",yes,1.2567674587784086,400
1,"StochOptForest
(apx-risk)",yes,1.1113807439574606,400
1,"StochOptForest
(apx-risk)",yes,1.2232577248511494,400
1,"StochOptForest
(apx-risk)",yes,1.1476849705965038,400
1,"StochOptForest
(apx-risk)",yes,1.2067531446845312,400
1,"StochOptForest
(apx-risk)",yes,1.3564101045578247,400
1,"StochOptForest
(apx-risk)",yes,1.3427677439916221,400
1,"StochOptForest
(apx-risk)",yes,1.127006126843408,400
1,"StochOptForest
(apx-risk)",yes,1.3619714115782955,400
1,"StochOptForest
(apx-risk)",yes,1.3756126569462068,400
1,"StochOptForest
(apx-risk)",yes,1.2527290041908083,400
1,"StochOptForest
(apx-risk)",yes,1.2095034023963596,400
1,"StochOptForest
(apx-risk)",no,1.431611783151081,400
1,"StochOptForest
(apx-risk)",no,1.3460410307343982,400
1,"StochOptForest
(apx-risk)",no,1.2717318372764588,400
1,"StochOptForest
(apx-risk)",no,1.369179818874335,400
1,"StochOptForest
(apx-risk)",no,1.3521847725610248,400
1,"StochOptForest
(apx-risk)",no,1.4109503867611473,400
1,"StochOptForest
(apx-risk)",no,1.3451165167063446,400
1,"StochOptForest
(apx-risk)",no,1.3913756196385954,400
1,"StochOptForest
(apx-risk)",no,1.3447212097607586,400
1,"StochOptForest
(apx-risk)",no,1.3546218442429532,400
1,"StochOptForest
(apx-risk)",no,1.3233568014374686,400
1,"StochOptForest
(apx-risk)",no,1.3786054832672012,400
1,"StochOptForest
(apx-risk)",no,1.4114888409132857,400
1,"StochOptForest
(apx-risk)",no,1.3355300020724776,400
1,"StochOptForest
(apx-risk)",no,1.3949178416064612,400
1,"StochOptForest
(apx-risk)",no,1.3356434368901513,400
1,"StochOptForest
(apx-risk)",no,1.3785507909568058,400
1,"StochOptForest
(apx-risk)",no,1.3744963379504838,400
1,"StochOptForest
(apx-risk)",no,1.3522471781713528,400
1,"StochOptForest
(apx-risk)",no,1.342778954246595,400
1,"StochOptForest
(apx-risk)",no,1.3659219337997985,400
1,"StochOptForest
(apx-risk)",no,1.3508487356434282,400
1,"StochOptForest
(apx-risk)",no,1.3226478075189558,400
1,"StochOptForest
(apx-risk)",no,1.2979079794099213,400
1,"StochOptForest
(apx-risk)",no,1.3686263039724875,400
1,"StochOptForest
(apx-risk)",no,1.3778808633046697,400
1,"StochOptForest
(apx-risk)",no,1.4042108995456821,400
1,"StochOptForest
(apx-risk)",no,1.3283492021954524,400
1,"StochOptForest
(apx-risk)",no,1.3443538685248606,400
1,"StochOptForest
(apx-risk)",no,1.336242175512064,400
1,"StochOptForest
(apx-risk)",no,1.3686913034307366,400
1,"StochOptForest
(apx-risk)",no,1.4046072533666223,400
1,"StochOptForest
(apx-risk)",no,1.3523754119839242,400
1,"StochOptForest
(apx-risk)",no,1.3529068713429766,400
1,"StochOptForest
(apx-risk)",no,1.3998743503515179,400
1,"StochOptForest
(apx-risk)",no,1.37019938715288,400
1,"StochOptForest
(apx-risk)",no,1.3640084551060232,400
1,"StochOptForest
(apx-risk)",no,1.351014811764715,400
1,"StochOptForest
(apx-risk)",no,1.3366628117546269,400
1,"StochOptForest
(apx-risk)",no,1.341853381130744,400
1,"StochOptForest
(apx-risk)",no,1.3392364849894,400
1,"StochOptForest
(apx-risk)",no,1.330404292122557,400
1,"StochOptForest
(apx-risk)",no,1.3863551525769835,400
1,"StochOptForest
(apx-risk)",no,1.4627560626888285,400
1,"StochOptForest
(apx-risk)",no,1.3726207140399842,400
1,"StochOptForest
(apx-risk)",no,1.4637563031568235,400
1,"StochOptForest
(apx-risk)",no,1.3950450356967004,400
1,"StochOptForest
(apx-risk)",no,1.4026043815091374,400
1,"StochOptForest
(apx-risk)",no,1.350243342907262,400
1,"StochOptForest
(apx-risk)",no,1.3810839929504113,400
1,RandSplitForest,no,1.4341295089083612,400
1,RandSplitForest,no,1.363291022856127,400
1,RandSplitForest,no,1.281596964727053,400
1,RandSplitForest,no,1.3776754310353228,400
1,RandSplitForest,no,1.3498692781329762,400
1,RandSplitForest,no,1.4112183803918579,400
1,RandSplitForest,no,1.3585394378679831,400
1,RandSplitForest,no,1.399737407968693,400
1,RandSplitForest,no,1.3508240561616327,400
1,RandSplitForest,no,1.3637675117914947,400
1,RandSplitForest,no,1.3186395844765253,400
1,RandSplitForest,no,1.38120594937806,400
1,RandSplitForest,no,1.4135509960975714,400
1,RandSplitForest,no,1.3504698474736696,400
1,RandSplitForest,no,1.3925142836293565,400
1,RandSplitForest,no,1.3354035926190522,400
1,RandSplitForest,no,1.3763802713220927,400
1,RandSplitForest,no,1.387311119773965,400
1,RandSplitForest,no,1.3565189351983717,400
1,RandSplitForest,no,1.3510552710762138,400
1,RandSplitForest,no,1.3634974873108987,400
1,RandSplitForest,no,1.3609186311322619,400
1,RandSplitForest,no,1.3377439556288284,400
1,RandSplitForest,no,1.33866458804658,400
1,RandSplitForest,no,1.3634105561609529,400
1,RandSplitForest,no,1.3824299487083338,400
1,RandSplitForest,no,1.4041282218375022,400
1,RandSplitForest,no,1.3300197541882588,400
1,RandSplitForest,no,1.3574100738966863,400
1,RandSplitForest,no,1.338704045433142,400
1,RandSplitForest,no,1.3656000146239846,400
1,RandSplitForest,no,1.410928157691153,400
1,RandSplitForest,no,1.3640361689253766,400
1,RandSplitForest,no,1.350695938269997,400
1,RandSplitForest,no,1.4025372218057532,400
1,RandSplitForest,no,1.3720176613804687,400
1,RandSplitForest,no,1.3694715224463214,400
1,RandSplitForest,no,1.3613769312832442,400
1,RandSplitForest,no,1.3570997167295373,400
1,RandSplitForest,no,1.3479217561047492,400
1,RandSplitForest,no,1.3457621792165155,400
1,RandSplitForest,no,1.3373982628298962,400
1,RandSplitForest,no,1.3845184934360915,400
1,RandSplitForest,no,1.476595366997202,400
1,RandSplitForest,no,1.387682227008173,400
1,RandSplitForest,no,1.4639712217049197,400
1,RandSplitForest,no,1.386760963892202,400
1,RandSplitForest,no,1.4041524216123757,400
1,RandSplitForest,no,1.3566454847214302,400
1,RandSplitForest,no,1.3777097746771578,400
1,RandForest,no,1.4011268209009216,400
1,RandForest,no,1.3362323957332225,400
1,RandForest,no,1.2913584465867864,400
1,RandForest,no,1.4067558090558474,400
1,RandForest,no,1.336271399587821,400
1,RandForest,no,1.4042618365759616,400
1,RandForest,no,1.3808604970322191,400
1,RandForest,no,1.3924481929485653,400
1,RandForest,no,1.3660687364352668,400
1,RandForest,no,1.3250719700656644,400
1,RandForest,no,1.3112524787740965,400
1,RandForest,no,1.3474132949912971,400
1,RandForest,no,1.397470167735735,400
1,RandForest,no,1.359516565765013,400
1,RandForest,no,1.320917914267432,400
1,RandForest,no,1.36005482884796,400
1,RandForest,no,1.3628330792999928,400
1,RandForest,no,1.2889261833680568,400
1,RandForest,no,1.3627419896587065,400
1,RandForest,no,1.3231387753192363,400
1,RandForest,no,1.387823996238933,400
1,RandForest,no,1.3145896659570644,400
1,RandForest,no,1.3386081335843691,400
1,RandForest,no,1.2644498650780784,400
1,RandForest,no,1.3095632820699177,400
1,RandForest,no,1.293197689475288,400
1,RandForest,no,1.3535637750851828,400
1,RandForest,no,1.2887605452727233,400
1,RandForest,no,1.358815387783764,400
1,RandForest,no,1.3330569392497444,400
1,RandForest,no,1.2812946408057695,400
1,RandForest,no,1.4192178508510092,400
1,RandForest,no,1.3334120244103322,400
1,RandForest,no,1.3456939333695899,400
1,RandForest,no,1.409558252723857,400
1,RandForest,no,1.3778254753821555,400
1,RandForest,no,1.3168255775055042,400
1,RandForest,no,1.272018081227707,400
1,RandForest,no,1.3492443067645723,400
1,RandForest,no,1.3214439256686297,400
1,RandForest,no,1.348968378002737,400
1,RandForest,no,1.3135241085190994,400
1,RandForest,no,1.3482278850784295,400
1,RandForest,no,1.474915731116758,400
1,RandForest,no,1.3701105129006694,400
1,RandForest,no,1.290121018851157,400
1,RandForest,no,1.4259093078980203,400
1,RandForest,no,1.3924986947953926,400
1,RandForest,no,1.3414369915604678,400
1,RandForest,no,1.3238376092371527,400
2,"StochOptForest
(apx-soln)",yes,1.1534059853019338,400
2,"StochOptForest
(apx-soln)",yes,1.3312328236669524,400
2,"StochOptForest
(apx-soln)",yes,1.155912065425134,400
2,"StochOptForest
(apx-soln)",yes,1.09992363959718,400
2,"StochOptForest
(apx-soln)",yes,1.1932696291618996,400
2,"StochOptForest
(apx-soln)",yes,1.1100906434279345,400
2,"StochOptForest
(apx-soln)",yes,1.2519663370651888,400
2,"StochOptForest
(apx-soln)",yes,1.235226457746159,400
2,"StochOptForest
(apx-soln)",yes,1.1639750472559105,400
2,"StochOptForest
(apx-soln)",yes,1.1610553651188724,400
2,"StochOptForest
(apx-soln)",yes,1.2853431719516526,400
2,"StochOptForest
(apx-soln)",yes,1.085288058274107,400
2,"StochOptForest
(apx-soln)",yes,1.1850615932048518,400
2,"StochOptForest
(apx-soln)",yes,1.1705225207539214,400
2,"StochOptForest
(apx-soln)",yes,1.2227442106227009,400
2,"StochOptForest
(apx-soln)",yes,1.1747864309519607,400
2,"StochOptForest
(apx-soln)",yes,1.1430872045909581,400
2,"StochOptForest
(apx-soln)",yes,1.3601834102960884,400
2,"StochOptForest
(apx-soln)",yes,1.1545180925903658,400
2,"StochOptForest
(apx-soln)",yes,1.065800252480022,400
2,"StochOptForest
(apx-soln)",yes,1.2356155180508528,400
2,"StochOptForest
(apx-soln)",yes,1.1525904394764988,400
2,"StochOptForest
(apx-soln)",yes,1.1501202036881752,400
2,"StochOptForest
(apx-soln)",yes,1.2769275515917597,400
2,"StochOptForest
(apx-soln)",yes,1.1209718981453853,400
2,"StochOptForest
(apx-soln)",yes,1.1698091855611594,400
2,"StochOptForest
(apx-soln)",yes,1.2559996484043559,400
2,"StochOptForest
(apx-soln)",yes,1.1605375867152603,400
2,"StochOptForest
(apx-soln)",yes,1.1013164161709492,400
2,"StochOptForest
(apx-soln)",yes,1.1305837474423899,400
2,"StochOptForest
(apx-soln)",yes,1.2864099916895861,400
2,"StochOptForest
(apx-soln)",yes,1.1244351176950873,400
2,"StochOptForest
(apx-soln)",yes,1.254004928291102,400
2,"StochOptForest
(apx-soln)",yes,1.1621813379139705,400
2,"StochOptForest
(apx-soln)",yes,1.1452958558072692,400
2,"StochOptForest
(apx-soln)",yes,1.2483458023657008,400
2,"StochOptForest
(apx-soln)",yes,1.154309875016023,400
2,"StochOptForest
(apx-soln)",yes,1.170704850059173,400
2,"StochOptForest
(apx-soln)",yes,1.1711533924332325,400
2,"StochOptForest
(apx-soln)",yes,1.2907211120280766,400
2,"StochOptForest
(apx-soln)",yes,1.2381438076170017,400
2,"StochOptForest
(apx-soln)",yes,1.1726897314074016,400
2,"StochOptForest
(apx-soln)",yes,1.172918565396503,400
2,"StochOptForest
(apx-soln)",yes,1.2253735401021995,400
2,"StochOptForest
(apx-soln)",yes,1.240758520857434,400
2,"StochOptForest
(apx-soln)",yes,1.1980214354399095,400
2,"StochOptForest
(apx-soln)",yes,1.2507352104108191,400
2,"StochOptForest
(apx-soln)",yes,1.3077628456421322,400
2,"StochOptForest
(apx-soln)",yes,1.1647409686240842,400
2,"StochOptForest
(apx-soln)",yes,1.0838764259275366,400
2,"StochOptForest
(apx-soln)",no,1.3513653813184474,400
2,"StochOptForest
(apx-soln)",no,1.368057566238069,400
2,"StochOptForest
(apx-soln)",no,1.2865745915923728,400
2,"StochOptForest
(apx-soln)",no,1.294230463233346,400
2,"StochOptForest
(apx-soln)",no,1.367141667641177,400
2,"StochOptForest
(apx-soln)",no,1.2951208771623397,400
2,"StochOptForest
(apx-soln)",no,1.3908866320154887,400
2,"StochOptForest
(apx-soln)",no,1.3483594383132267,400
2,"StochOptForest
(apx-soln)",no,1.29220862930588,400
2,"StochOptForest
(apx-soln)",no,1.3063922340892313,400
2,"StochOptForest
(apx-soln)",no,1.3730541025130911,400
2,"StochOptForest
(apx-soln)",no,1.2961553781753676,400
2,"StochOptForest
(apx-soln)",no,1.321148320392689,400
2,"StochOptForest
(apx-soln)",no,1.3645015485737513,400
2,"StochOptForest
(apx-soln)",no,1.298488435147114,400
2,"StochOptForest
(apx-soln)",no,1.3474966400483428,400
2,"StochOptForest
(apx-soln)",no,1.2820086533181814,400
2,"StochOptForest
(apx-soln)",no,1.3328239913463287,400
2,"StochOptForest
(apx-soln)",no,1.3715003235456853,400
2,"StochOptForest
(apx-soln)",no,1.3166689556650086,400
2,"StochOptForest
(apx-soln)",no,1.335521707108153,400
2,"StochOptForest
(apx-soln)",no,1.2487838494994319,400
2,"StochOptForest
(apx-soln)",no,1.3244025384936209,400
2,"StochOptForest
(apx-soln)",no,1.3484050945911636,400
2,"StochOptForest
(apx-soln)",no,1.2778784172260262,400
2,"StochOptForest
(apx-soln)",no,1.303393918286007,400
2,"StochOptForest
(apx-soln)",no,1.3739688504437584,400
2,"StochOptForest
(apx-soln)",no,1.3163265126856494,400
2,"StochOptForest
(apx-soln)",no,1.3419752919943806,400
2,"StochOptForest
(apx-soln)",no,1.3463994267254051,400
2,"StochOptForest
(apx-soln)",no,1.3586349880408028,400
2,"StochOptForest
(apx-soln)",no,1.293909880556534,400
2,"StochOptForest
(apx-soln)",no,1.2930615190969037,400
2,"StochOptForest
(apx-soln)",no,1.321354568498538,400
2,"StochOptForest
(apx-soln)",no,1.2536018508646498,400
2,"StochOptForest
(apx-soln)",no,1.3446191694781566,400
2,"StochOptForest
(apx-soln)",no,1.352277887822831,400
2,"StochOptForest
(apx-soln)",no,1.3003990518974082,400
2,"StochOptForest
(apx-soln)",no,1.3329719078195947,400
2,"StochOptForest
(apx-soln)",no,1.3971513165913112,400
2,"StochOptForest
(apx-soln)",no,1.3102965463375742,400
2,"StochOptForest
(apx-soln)",no,1.3116671490811433,400
2,"StochOptForest
(apx-soln)",no,1.3216069476517174,400
2,"StochOptForest
(apx-soln)",no,1.3493558889740969,400
2,"StochOptForest
(apx-soln)",no,1.2687151757386022,400
2,"StochOptForest
(apx-soln)",no,1.337727865823231,400
2,"StochOptForest
(apx-soln)",no,1.367374430150163,400
2,"StochOptForest
(apx-soln)",no,1.3199557293215396,400
2,"StochOptForest
(apx-soln)",no,1.3129215232380738,400
2,"StochOptForest
(apx-soln)",no,1.325740415411197,400
2,"StochOptForest
(apx-risk)",yes,1.2079035648578866,400
2,"StochOptForest
(apx-risk)",yes,1.3325652943496669,400
2,"StochOptForest
(apx-risk)",yes,1.180052807688204,400
2,"StochOptForest
(apx-risk)",yes,1.1034516343566059,400
2,"StochOptForest
(apx-risk)",yes,1.1836381984811282,400
2,"StochOptForest
(apx-risk)",yes,1.146524279757566,400
2,"StochOptForest
(apx-risk)",yes,1.2527228554993741,400
2,"StochOptForest
(apx-risk)",yes,1.2653625040736292,400
2,"StochOptForest
(apx-risk)",yes,1.172650833798495,400
2,"StochOptForest
(apx-risk)",yes,1.1617681921691547,400
2,"StochOptForest
(apx-risk)",yes,1.3178028453149557,400
2,"StochOptForest
(apx-risk)",yes,1.103278970438582,400
2,"StochOptForest
(apx-risk)",yes,1.1750805045909438,400
2,"StochOptForest
(apx-risk)",yes,1.180951349402511,400
2,"StochOptForest
(apx-risk)",yes,1.2437658957929016,400
2,"StochOptForest
(apx-risk)",yes,1.219487703591662,400
2,"StochOptForest
(apx-risk)",yes,1.1403512225007455,400
2,"StochOptForest
(apx-risk)",yes,1.3662456599028954,400
2,"StochOptForest
(apx-risk)",yes,1.1553503627375805,400
2,"StochOptForest
(apx-risk)",yes,1.117182711159417,400
2,"StochOptForest
(apx-risk)",yes,1.2917693707786355,400
2,"StochOptForest
(apx-risk)",yes,1.1667833273712915,400
2,"StochOptForest
(apx-risk)",yes,1.125467693790945,400
2,"StochOptForest
(apx-risk)",yes,1.269653593494735,400
2,"StochOptForest
(apx-risk)",yes,1.129504498414697,400
2,"StochOptForest
(apx-risk)",yes,1.1605738771996035,400
2,"StochOptForest
(apx-risk)",yes,1.2661842855866199,400
2,"StochOptForest
(apx-risk)",yes,1.2688616151483856,400
2,"StochOptForest
(apx-risk)",yes,1.1358835097693285,400
2,"StochOptForest
(apx-risk)",yes,1.2273911700176372,400
2,"StochOptForest
(apx-risk)",yes,1.2820028664371936,400
2,"StochOptForest
(apx-risk)",yes,1.1475993980870764,400
2,"StochOptForest
(apx-risk)",yes,1.2717435173514464,400
2,"StochOptForest
(apx-risk)",yes,1.226088597675084,400
2,"StochOptForest
(apx-risk)",yes,1.1678936640939166,400
2,"StochOptForest
(apx-risk)",yes,1.3173728851019184,400
2,"StochOptForest
(apx-risk)",yes,1.2551376358908366,400
2,"StochOptForest
(apx-risk)",yes,1.209559562893495,400
2,"StochOptForest
(apx-risk)",yes,1.1749710519078298,400
2,"StochOptForest
(apx-risk)",yes,1.2887687532747059,400
2,"StochOptForest
(apx-risk)",yes,1.2234007989964963,400
2,"StochOptForest
(apx-risk)",yes,1.2070031785626312,400
2,"StochOptForest
(apx-risk)",yes,1.1711547835267244,400
2,"StochOptForest
(apx-risk)",yes,1.2448798531296845,400
2,"StochOptForest
(apx-risk)",yes,1.2734115865258406,400
2,"StochOptForest
(apx-risk)",yes,1.287667174122076,400
2,"StochOptForest
(apx-risk)",yes,1.2566860327222842,400
2,"StochOptForest
(apx-risk)",yes,1.295949089220572,400
2,"StochOptForest
(apx-risk)",yes,1.1920632260498707,400
2,"StochOptForest
(apx-risk)",yes,1.1052425105775832,400
2,"StochOptForest
(apx-risk)",no,1.35324965696587,400
2,"StochOptForest
(apx-risk)",no,1.3611980520512599,400
2,"StochOptForest
(apx-risk)",no,1.3160623432496812,400
2,"StochOptForest
(apx-risk)",no,1.309472291807211,400
2,"StochOptForest
(apx-risk)",no,1.3496769683610794,400
2,"StochOptForest
(apx-risk)",no,1.2726101900370377,400
2,"StochOptForest
(apx-risk)",no,1.3802918906405497,400
2,"StochOptForest
(apx-risk)",no,1.3330619101949492,400
2,"StochOptForest
(apx-risk)",no,1.2936897237558156,400
2,"StochOptForest
(apx-risk)",no,1.2935034903318923,400
2,"StochOptForest
(apx-risk)",no,1.365211186570845,400
2,"StochOptForest
(apx-risk)",no,1.28430884245976,400
2,"StochOptForest
(apx-risk)",no,1.3199999325781093,400
2,"StochOptForest
(apx-risk)",no,1.3543500393613943,400
2,"StochOptForest
(apx-risk)",no,1.3061192017026504,400
2,"StochOptForest
(apx-risk)",no,1.3417947197624436,400
2,"StochOptForest
(apx-risk)",no,1.2778502501930882,400
2,"StochOptForest
(apx-risk)",no,1.333934065687764,400
2,"StochOptForest
(apx-risk)",no,1.366298780917821,400
2,"StochOptForest
(apx-risk)",no,1.3160468514864805,400
2,"StochOptForest
(apx-risk)",no,1.3339904647313214,400
2,"StochOptForest
(apx-risk)",no,1.243153816200903,400
2,"StochOptForest
(apx-risk)",no,1.3219847999554686,400
2,"StochOptForest
(apx-risk)",no,1.327275950698288,400
2,"StochOptForest
(apx-risk)",no,1.2978600733602486,400
2,"StochOptForest
(apx-risk)",no,1.2958187037361308,400
2,"StochOptForest
(apx-risk)",no,1.3689982665259217,400
2,"StochOptForest
(apx-risk)",no,1.3314005146099952,400
2,"StochOptForest
(apx-risk)",no,1.3250222346054166,400
2,"StochOptForest
(apx-risk)",no,1.341232802291636,400
2,"StochOptForest
(apx-risk)",no,1.3625026956179915,400
2,"StochOptForest
(apx-risk)",no,1.297540983148952,400
2,"StochOptForest
(apx-risk)",no,1.2953555639806964,400
2,"StochOptForest
(apx-risk)",no,1.3170100889714484,400
2,"StochOptForest
(apx-risk)",no,1.2460391344407222,400
2,"StochOptForest
(apx-risk)",no,1.3543940460694286,400
2,"StochOptForest
(apx-risk)",no,1.3556114511297632,400
2,"StochOptForest
(apx-risk)",no,1.3012528425172198,400
2,"StochOptForest
(apx-risk)",no,1.3388369419437878,400
2,"StochOptForest
(apx-risk)",no,1.3980293889930713,400
2,"StochOptForest
(apx-risk)",no,1.3100610043343088,400
2,"StochOptForest
(apx-risk)",no,1.296992719280454,400
2,"StochOptForest
(apx-risk)",no,1.318346513901208,400
2,"StochOptForest
(apx-risk)",no,1.3398873766625576,400
2,"StochOptForest
(apx-risk)",no,1.262533266575182,400
2,"StochOptForest
(apx-risk)",no,1.3269682615377878,400
2,"StochOptForest
(apx-risk)",no,1.3768187563310466,400
2,"StochOptForest
(apx-risk)",no,1.33028689143454,400
2,"StochOptForest
(apx-risk)",no,1.3176661421823979,400
2,"StochOptForest
(apx-risk)",no,1.3257252265105965,400
2,RandSplitForest,no,1.3517979143801657,400
2,RandSplitForest,no,1.3610100508217529,400
2,RandSplitForest,no,1.335800481579533,400
2,RandSplitForest,no,1.321048304869124,400
2,RandSplitForest,no,1.3582138762365912,400
2,RandSplitForest,no,1.282698146549086,400
2,RandSplitForest,no,1.3870413866122002,400
2,RandSplitForest,no,1.3449693584952214,400
2,RandSplitForest,no,1.2981838036511537,400
2,RandSplitForest,no,1.3063586467445185,400
2,RandSplitForest,no,1.371731437434397,400
2,RandSplitForest,no,1.2861521915941747,400
2,RandSplitForest,no,1.3299390767229864,400
2,RandSplitForest,no,1.362137905090736,400
2,RandSplitForest,no,1.3033628742688903,400
2,RandSplitForest,no,1.3345709486206263,400
2,RandSplitForest,no,1.2929905468314808,400
2,RandSplitForest,no,1.3380812145530998,400
2,RandSplitForest,no,1.3714622089235202,400
2,RandSplitForest,no,1.3141355214014505,400
2,RandSplitForest,no,1.3342493479042592,400
2,RandSplitForest,no,1.246866376887185,400
2,RandSplitForest,no,1.315845113335707,400
2,RandSplitForest,no,1.3307719214658342,400
2,RandSplitForest,no,1.3053087529742133,400
2,RandSplitForest,no,1.2903463004408673,400
2,RandSplitForest,no,1.3649536868633019,400
2,RandSplitForest,no,1.3351701605144115,400
2,RandSplitForest,no,1.3315812566904117,400
2,RandSplitForest,no,1.3413887485933433,400
2,RandSplitForest,no,1.3694836042589567,400
2,RandSplitForest,no,1.3043247665101945,400
2,RandSplitForest,no,1.2986870624226317,400
2,RandSplitForest,no,1.3140435073840273,400
2,RandSplitForest,no,1.2634866811591312,400
2,RandSplitForest,no,1.3512818736070755,400
2,RandSplitForest,no,1.3619117958594005,400
2,RandSplitForest,no,1.2947016358625802,400
2,RandSplitForest,no,1.3434733543041995,400
2,RandSplitForest,no,1.3975693221160257,400
2,RandSplitForest,no,1.3114851654716702,400
2,RandSplitForest,no,1.291428596005825,400
2,RandSplitForest,no,1.3118862304999819,400
2,RandSplitForest,no,1.3450003485805315,400
2,RandSplitForest,no,1.26503523151003,400
2,RandSplitForest,no,1.332588203683578,400
2,RandSplitForest,no,1.3775985789187288,400
2,RandSplitForest,no,1.3447382568011617,400
2,RandSplitForest,no,1.3215915784227579,400
2,RandSplitForest,no,1.3255192536625222,400
2,RandForest,no,1.1727346390462046,400
2,RandForest,no,1.3681148285381686,400
2,RandForest,no,1.2466643681943437,400
2,RandForest,no,1.2178216208528616,400
2,RandForest,no,1.2815745661326194,400
2,RandForest,no,1.3045294315668003,400
2,RandForest,no,1.3362355220368736,400
2,RandForest,no,1.3493574503612835,400
2,RandForest,no,1.2650198871615113,400
2,RandForest,no,1.2955192478555,400
2,RandForest,no,1.3725597308595447,400
2,RandForest,no,1.2441201485246842,400
2,RandForest,no,1.3122881049746724,400
2,RandForest,no,1.3443032489678246,400
2,RandForest,no,1.3081579102038596,400
2,RandForest,no,1.3548190219106828,400
2,RandForest,no,1.2599892299721107,400
2,RandForest,no,1.3603571327028332,400
2,RandForest,no,1.3072049117097186,400
2,RandForest,no,1.2853426293098598,400
2,RandForest,no,1.330410732852032,400
2,RandForest,no,1.2560274194307688,400
2,RandForest,no,1.2307289621298498,400
2,RandForest,no,1.359779044898749,400
2,RandForest,no,1.2536822035403075,400
2,RandForest,no,1.3456476949380642,400
2,RandForest,no,1.3471630978563203,400
2,RandForest,no,1.2813097400288793,400
2,RandForest,no,1.274412004487464,400
2,RandForest,no,1.294658734574587,400
2,RandForest,no,1.3399448598688326,400
2,RandForest,no,1.2542036186941743,400
2,RandForest,no,1.293943358890609,400
2,RandForest,no,1.33149891372263,400
2,RandForest,no,1.1721238461960983,400
2,RandForest,no,1.3187120222783253,400
2,RandForest,no,1.3363518124982903,400
2,RandForest,no,1.2806747585075042,400
2,RandForest,no,1.3020388210970995,400
2,RandForest,no,1.375485333378115,400
2,RandForest,no,1.3149323579797485,400
2,RandForest,no,1.2407279610341833,400
2,RandForest,no,1.2174233895068531,400
2,RandForest,no,1.33005987885652,400
2,RandForest,no,1.2895950092232773,400
2,RandForest,no,1.3366413474032015,400
2,RandForest,no,1.3049917892442997,400
2,RandForest,no,1.3197765437328035,400
2,RandForest,no,1.2740250851448842,400
2,RandForest,no,1.2810437639647836,400
