n,R,Method,Constraint,abs_risk
100,0.5,"StochOptForest
(apx-soln)",yes,4.217106870565026
100,0.5,"StochOptForest
(apx-soln)",yes,4.144439070025483
100,0.5,"StochOptForest
(apx-soln)",yes,4.665191759614107
100,0.5,"StochOptForest
(apx-soln)",yes,4.350481112418379
100,0.5,"StochOptForest
(apx-soln)",yes,4.875292598194084
100,0.5,"StochOptForest
(apx-soln)",yes,4.889431840450021
100,0.5,"StochOptForest
(apx-soln)",yes,3.887269396812181
100,0.5,"StochOptForest
(apx-soln)",yes,5.6671240178211155
100,0.5,"StochOptForest
(apx-soln)",yes,4.059853231188594
100,0.5,"StochOptForest
(apx-soln)",yes,3.7401663072524793
100,0.5,"StochOptForest
(apx-soln)",yes,4.727550443870083
100,0.5,"StochOptForest
(apx-soln)",yes,5.004426183574669
100,0.5,"StochOptForest
(apx-soln)",yes,4.716443038243805
100,0.5,"StochOptForest
(apx-soln)",yes,3.90471726744834
100,0.5,"StochOptForest
(apx-soln)",yes,4.436528268615508
100,0.5,"StochOptForest
(apx-soln)",yes,5.271404858845025
100,0.5,"StochOptForest
(apx-soln)",yes,2.9206700925841296
100,0.5,"StochOptForest
(apx-soln)",yes,4.6377570235631325
100,0.5,"StochOptForest
(apx-soln)",yes,3.8314730991637536
100,0.5,"StochOptForest
(apx-soln)",yes,5.357644578436123
100,0.5,"StochOptForest
(apx-soln)",yes,3.5860770342696355
100,0.5,"StochOptForest
(apx-soln)",yes,4.135940597787635
100,0.5,"StochOptForest
(apx-soln)",yes,4.184558549935328
100,0.5,"StochOptForest
(apx-soln)",yes,3.862952113185139
100,0.5,"StochOptForest
(apx-soln)",yes,4.364953075953009
100,0.5,"StochOptForest
(apx-soln)",yes,4.723840458852825
100,0.5,"StochOptForest
(apx-soln)",yes,3.5657518392121546
100,0.5,"StochOptForest
(apx-soln)",yes,7.5341081576536
100,0.5,"StochOptForest
(apx-soln)",yes,6.133410708961652
100,0.5,"StochOptForest
(apx-soln)",yes,4.782884521577261
100,0.5,"StochOptForest
(apx-soln)",yes,5.685257919425858
100,0.5,"StochOptForest
(apx-soln)",yes,4.608818117884429
100,0.5,"StochOptForest
(apx-soln)",yes,3.5446995545143283
100,0.5,"StochOptForest
(apx-soln)",yes,5.7775025614400635
100,0.5,"StochOptForest
(apx-soln)",yes,4.70277551589813
100,0.5,"StochOptForest
(apx-soln)",yes,4.951768832441249
100,0.5,"StochOptForest
(apx-soln)",yes,4.738954468292695
100,0.5,"StochOptForest
(apx-soln)",yes,6.898667402860425
100,0.5,"StochOptForest
(apx-soln)",yes,5.257171025134709
100,0.5,"StochOptForest
(apx-soln)",yes,5.311679256707365
100,0.5,"StochOptForest
(apx-soln)",yes,4.263810536114856
100,0.5,"StochOptForest
(apx-soln)",yes,3.4938888528902647
100,0.5,"StochOptForest
(apx-soln)",yes,4.223994893342188
100,0.5,"StochOptForest
(apx-soln)",yes,3.644501724847613
100,0.5,"StochOptForest
(apx-soln)",yes,4.127012550404149
100,0.5,"StochOptForest
(apx-soln)",yes,6.04225179214131
100,0.5,"StochOptForest
(apx-soln)",yes,3.6240508717154767
100,0.5,"StochOptForest
(apx-soln)",yes,3.551335656292659
100,0.5,"StochOptForest
(apx-soln)",yes,5.729424405805788
100,0.5,"StochOptForest
(apx-soln)",yes,5.015773893843517
100,0.5,"StochOptForest
(apx-soln)",no,4.988561630676652
100,0.5,"StochOptForest
(apx-soln)",no,5.009440426218606
100,0.5,"StochOptForest
(apx-soln)",no,5.014297253290817
100,0.5,"StochOptForest
(apx-soln)",no,4.461604734768144
100,0.5,"StochOptForest
(apx-soln)",no,5.196323648539321
100,0.5,"StochOptForest
(apx-soln)",no,6.060869788313849
100,0.5,"StochOptForest
(apx-soln)",no,4.441922754435951
100,0.5,"StochOptForest
(apx-soln)",no,5.731318617706363
100,0.5,"StochOptForest
(apx-soln)",no,4.714606247595482
100,0.5,"StochOptForest
(apx-soln)",no,4.827817285975067
100,0.5,"StochOptForest
(apx-soln)",no,4.915101561086142
100,0.5,"StochOptForest
(apx-soln)",no,5.272219563951764
100,0.5,"StochOptForest
(apx-soln)",no,4.578690994378988
100,0.5,"StochOptForest
(apx-soln)",no,4.762753087727045
100,0.5,"StochOptForest
(apx-soln)",no,4.600409968611124
100,0.5,"StochOptForest
(apx-soln)",no,5.441414332499797
100,0.5,"StochOptForest
(apx-soln)",no,4.7441799431769285
100,0.5,"StochOptForest
(apx-soln)",no,4.643255316953551
100,0.5,"StochOptForest
(apx-soln)",no,4.789682918443067
100,0.5,"StochOptForest
(apx-soln)",no,5.272372630831352
100,0.5,"StochOptForest
(apx-soln)",no,5.030991444630586
100,0.5,"StochOptForest
(apx-soln)",no,4.938853370631358
100,0.5,"StochOptForest
(apx-soln)",no,4.777210224966334
100,0.5,"StochOptForest
(apx-soln)",no,5.065753338298786
100,0.5,"StochOptForest
(apx-soln)",no,4.939511790455445
100,0.5,"StochOptForest
(apx-soln)",no,4.93171449760521
100,0.5,"StochOptForest
(apx-soln)",no,4.886013982752321
100,0.5,"StochOptForest
(apx-soln)",no,4.854239474822188
100,0.5,"StochOptForest
(apx-soln)",no,6.211881596288899
100,0.5,"StochOptForest
(apx-soln)",no,4.700030901376072
100,0.5,"StochOptForest
(apx-soln)",no,5.570341082203812
100,0.5,"StochOptForest
(apx-soln)",no,4.817139365149769
100,0.5,"StochOptForest
(apx-soln)",no,4.638633666620965
100,0.5,"StochOptForest
(apx-soln)",no,5.868418495008679
100,0.5,"StochOptForest
(apx-soln)",no,4.908415399818278
100,0.5,"StochOptForest
(apx-soln)",no,5.073801691296023
100,0.5,"StochOptForest
(apx-soln)",no,5.133298810776386
100,0.5,"StochOptForest
(apx-soln)",no,6.897866639311303
100,0.5,"StochOptForest
(apx-soln)",no,4.185166781895108
100,0.5,"StochOptForest
(apx-soln)",no,6.146595473494343
100,0.5,"StochOptForest
(apx-soln)",no,4.41910522274269
100,0.5,"StochOptForest
(apx-soln)",no,4.605289489691003
100,0.5,"StochOptForest
(apx-soln)",no,4.668511799995691
100,0.5,"StochOptForest
(apx-soln)",no,4.7724812303464885
100,0.5,"StochOptForest
(apx-soln)",no,4.675874710332249
100,0.5,"StochOptForest
(apx-soln)",no,5.811608778018452
100,0.5,"StochOptForest
(apx-soln)",no,5.657352934474494
100,0.5,"StochOptForest
(apx-soln)",no,4.861830073966859
100,0.5,"StochOptForest
(apx-soln)",no,5.077795657334923
100,0.5,"StochOptForest
(apx-soln)",no,4.860775473943378
100,0.5,"StochOptForest
(apx-risk)",yes,4.0077215574625935
100,0.5,"StochOptForest
(apx-risk)",yes,4.1707479008583235
100,0.5,"StochOptForest
(apx-risk)",yes,4.3028268147963145
100,0.5,"StochOptForest
(apx-risk)",yes,4.351927750881937
100,0.5,"StochOptForest
(apx-risk)",yes,4.738112747284445
100,0.5,"StochOptForest
(apx-risk)",yes,4.589078306769209
100,0.5,"StochOptForest
(apx-risk)",yes,3.957472989940306
100,0.5,"StochOptForest
(apx-risk)",yes,4.815772953985387
100,0.5,"StochOptForest
(apx-risk)",yes,3.4173195558301366
100,0.5,"StochOptForest
(apx-risk)",yes,2.959982726263793
100,0.5,"StochOptForest
(apx-risk)",yes,4.554965521849784
100,0.5,"StochOptForest
(apx-risk)",yes,4.9440430545794705
100,0.5,"StochOptForest
(apx-risk)",yes,4.338746021787769
100,0.5,"StochOptForest
(apx-risk)",yes,3.933356033618275
100,0.5,"StochOptForest
(apx-risk)",yes,4.090082351591391
100,0.5,"StochOptForest
(apx-risk)",yes,4.7598708769968905
100,0.5,"StochOptForest
(apx-risk)",yes,2.8897983015219055
100,0.5,"StochOptForest
(apx-risk)",yes,4.352232331260106
100,0.5,"StochOptForest
(apx-risk)",yes,3.923183342966067
100,0.5,"StochOptForest
(apx-risk)",yes,4.783963780382382
100,0.5,"StochOptForest
(apx-risk)",yes,3.2818717089625307
100,0.5,"StochOptForest
(apx-risk)",yes,4.238224429423528
100,0.5,"StochOptForest
(apx-risk)",yes,5.068530106786727
100,0.5,"StochOptForest
(apx-risk)",yes,3.614516285579898
100,0.5,"StochOptForest
(apx-risk)",yes,3.955024963515805
100,0.5,"StochOptForest
(apx-risk)",yes,4.336321547544367
100,0.5,"StochOptForest
(apx-risk)",yes,3.722657639808627
100,0.5,"StochOptForest
(apx-risk)",yes,10.59748175902874
100,0.5,"StochOptForest
(apx-risk)",yes,5.92277418724545
100,0.5,"StochOptForest
(apx-risk)",yes,4.826511111745362
100,0.5,"StochOptForest
(apx-risk)",yes,5.517141387782066
100,0.5,"StochOptForest
(apx-risk)",yes,4.663933589515923
100,0.5,"StochOptForest
(apx-risk)",yes,2.8600077489085605
100,0.5,"StochOptForest
(apx-risk)",yes,6.041765379998448
100,0.5,"StochOptForest
(apx-risk)",yes,4.875714681089488
100,0.5,"StochOptForest
(apx-risk)",yes,5.020894337612507
100,0.5,"StochOptForest
(apx-risk)",yes,4.831799025901025
100,0.5,"StochOptForest
(apx-risk)",yes,11.945568655766765
100,0.5,"StochOptForest
(apx-risk)",yes,4.929391530390439
100,0.5,"StochOptForest
(apx-risk)",yes,20.112078720249038
100,0.5,"StochOptForest
(apx-risk)",yes,4.110376500732728
100,0.5,"StochOptForest
(apx-risk)",yes,3.5453452192565784
100,0.5,"StochOptForest
(apx-risk)",yes,4.334100982875926
100,0.5,"StochOptForest
(apx-risk)",yes,3.9696275747767453
100,0.5,"StochOptForest
(apx-risk)",yes,3.920525092473347
100,0.5,"StochOptForest
(apx-risk)",yes,6.296581923170295
100,0.5,"StochOptForest
(apx-risk)",yes,3.298391203661686
100,0.5,"StochOptForest
(apx-risk)",yes,3.8453375865827955
100,0.5,"StochOptForest
(apx-risk)",yes,5.610381987591954
100,0.5,"StochOptForest
(apx-risk)",yes,4.560470169680239
100,0.5,"StochOptForest
(apx-risk)",no,4.558856109214054
100,0.5,"StochOptForest
(apx-risk)",no,3.9989597110089887
100,0.5,"StochOptForest
(apx-risk)",no,4.9205519414260115
100,0.5,"StochOptForest
(apx-risk)",no,4.073000469961495
100,0.5,"StochOptForest
(apx-risk)",no,5.258523742527168
100,0.5,"StochOptForest
(apx-risk)",no,4.644582200639133
100,0.5,"StochOptForest
(apx-risk)",no,3.464588859980572
100,0.5,"StochOptForest
(apx-risk)",no,4.973947770873908
100,0.5,"StochOptForest
(apx-risk)",no,3.177494870307665
100,0.5,"StochOptForest
(apx-risk)",no,4.151105493911766
100,0.5,"StochOptForest
(apx-risk)",no,4.229539713872942
100,0.5,"StochOptForest
(apx-risk)",no,5.402842861355547
100,0.5,"StochOptForest
(apx-risk)",no,5.320809140781235
100,0.5,"StochOptForest
(apx-risk)",no,4.24550758459448
100,0.5,"StochOptForest
(apx-risk)",no,4.553349561924263
100,0.5,"StochOptForest
(apx-risk)",no,4.611949644554446
100,0.5,"StochOptForest
(apx-risk)",no,3.043279494728663
100,0.5,"StochOptForest
(apx-risk)",no,4.189010400870593
100,0.5,"StochOptForest
(apx-risk)",no,4.3776212260005645
100,0.5,"StochOptForest
(apx-risk)",no,5.465870607942991
100,0.5,"StochOptForest
(apx-risk)",no,3.4154996747715667
100,0.5,"StochOptForest
(apx-risk)",no,4.519252833040096
100,0.5,"StochOptForest
(apx-risk)",no,5.584620934129349
100,0.5,"StochOptForest
(apx-risk)",no,3.799847723032588
100,0.5,"StochOptForest
(apx-risk)",no,4.338575770085104
100,0.5,"StochOptForest
(apx-risk)",no,4.295738571283172
100,0.5,"StochOptForest
(apx-risk)",no,3.9188463186382227
100,0.5,"StochOptForest
(apx-risk)",no,8.29289763041804
100,0.5,"StochOptForest
(apx-risk)",no,6.133252679024905
100,0.5,"StochOptForest
(apx-risk)",no,5.071309005936346
100,0.5,"StochOptForest
(apx-risk)",no,6.68676654488416
100,0.5,"StochOptForest
(apx-risk)",no,4.713651819517965
100,0.5,"StochOptForest
(apx-risk)",no,2.808680597902711
100,0.5,"StochOptForest
(apx-risk)",no,6.1173161228084805
100,0.5,"StochOptForest
(apx-risk)",no,5.004368478231423
100,0.5,"StochOptForest
(apx-risk)",no,5.92297790423822
100,0.5,"StochOptForest
(apx-risk)",no,4.952288535746763
100,0.5,"StochOptForest
(apx-risk)",no,31.89067127760433
100,0.5,"StochOptForest
(apx-risk)",no,5.940558888050467
100,0.5,"StochOptForest
(apx-risk)",no,8.673480047149747
100,0.5,"StochOptForest
(apx-risk)",no,4.1906010165523915
100,0.5,"StochOptForest
(apx-risk)",no,3.5861314498935184
100,0.5,"StochOptForest
(apx-risk)",no,4.4496925432946295
100,0.5,"StochOptForest
(apx-risk)",no,3.8886443960362356
100,0.5,"StochOptForest
(apx-risk)",no,3.785211576138761
100,0.5,"StochOptForest
(apx-risk)",no,6.205673846867699
100,0.5,"StochOptForest
(apx-risk)",no,3.4581540871364616
100,0.5,"StochOptForest
(apx-risk)",no,4.638970661762424
100,0.5,"StochOptForest
(apx-risk)",no,5.995856331864861
100,0.5,"StochOptForest
(apx-risk)",no,4.803257521129609
100,0.5,RandSplitForest,no,4.996654352256525
100,0.5,RandSplitForest,no,4.978569557288116
100,0.5,RandSplitForest,no,5.141652540251711
100,0.5,RandSplitForest,no,4.401585451394763
100,0.5,RandSplitForest,no,5.383259091068596
100,0.5,RandSplitForest,no,5.934649626346613
100,0.5,RandSplitForest,no,4.416382396425241
100,0.5,RandSplitForest,no,5.5669551351460225
100,0.5,RandSplitForest,no,4.638746019845794
100,0.5,RandSplitForest,no,4.6630638370881226
100,0.5,RandSplitForest,no,5.054515807274298
100,0.5,RandSplitForest,no,5.501872966577743
100,0.5,RandSplitForest,no,4.615702196670682
100,0.5,RandSplitForest,no,4.678262850072938
100,0.5,RandSplitForest,no,4.651447547340334
100,0.5,RandSplitForest,no,5.446066449137894
100,0.5,RandSplitForest,no,4.651545686589966
100,0.5,RandSplitForest,no,4.674181831421706
100,0.5,RandSplitForest,no,4.7358164377819705
100,0.5,RandSplitForest,no,5.522221426620705
100,0.5,RandSplitForest,no,5.002707637999776
100,0.5,RandSplitForest,no,4.928713476146987
100,0.5,RandSplitForest,no,4.5918411573044615
100,0.5,RandSplitForest,no,4.937662053749399
100,0.5,RandSplitForest,no,4.820622567283488
100,0.5,RandSplitForest,no,4.954477555179046
100,0.5,RandSplitForest,no,4.844533805681035
100,0.5,RandSplitForest,no,5.511861365846569
100,0.5,RandSplitForest,no,6.305456222608784
100,0.5,RandSplitForest,no,4.589261576396757
100,0.5,RandSplitForest,no,5.87586129424521
100,0.5,RandSplitForest,no,4.956371970793303
100,0.5,RandSplitForest,no,4.555063244178986
100,0.5,RandSplitForest,no,6.735625953896963
100,0.5,RandSplitForest,no,5.027733789209068
100,0.5,RandSplitForest,no,5.138671007045206
100,0.5,RandSplitForest,no,5.126597384526433
100,0.5,RandSplitForest,no,9.061105159425228
100,0.5,RandSplitForest,no,4.424005465331722
100,0.5,RandSplitForest,no,6.424149906775057
100,0.5,RandSplitForest,no,4.654575729408796
100,0.5,RandSplitForest,no,4.429321454844085
100,0.5,RandSplitForest,no,4.686189463237253
100,0.5,RandSplitForest,no,4.688298819620771
100,0.5,RandSplitForest,no,4.81557659805462
100,0.5,RandSplitForest,no,6.089660791758413
100,0.5,RandSplitForest,no,5.49272720753193
100,0.5,RandSplitForest,no,4.832940230905197
100,0.5,RandSplitForest,no,5.435273211268569
100,0.5,RandSplitForest,no,4.866402834217217
100,0.5,RandForest,no,6.353757487566949
100,0.5,RandForest,no,5.335672191103742
100,0.5,RandForest,no,6.839731501591229
100,0.5,RandForest,no,4.813873986071129
100,0.5,RandForest,no,7.035624085211955
100,0.5,RandForest,no,9.288468047842137
100,0.5,RandForest,no,4.89577547488575
100,0.5,RandForest,no,5.848044080943239
100,0.5,RandForest,no,4.684922121049573
100,0.5,RandForest,no,4.912691455842947
100,0.5,RandForest,no,6.118923891286885
100,0.5,RandForest,no,8.64932234502148
100,0.5,RandForest,no,37.53051423853842
100,0.5,RandForest,no,5.431875754497053
100,0.5,RandForest,no,5.85768450945171
100,0.5,RandForest,no,6.555180059931148
100,0.5,RandForest,no,4.984484372895536
100,0.5,RandForest,no,5.230867103897944
100,0.5,RandForest,no,6.337191742620167
100,0.5,RandForest,no,8.776142583752861
100,0.5,RandForest,no,5.765250786288211
100,0.5,RandForest,no,6.011474897189077
100,0.5,RandForest,no,11.968307963256818
100,0.5,RandForest,no,5.7326831644243645
100,0.5,RandForest,no,6.839216656479067
100,0.5,RandForest,no,6.358355213534674
100,0.5,RandForest,no,6.776523969760875
100,0.5,RandForest,no,20446.857821577956
100,0.5,RandForest,no,7.351951905346099
100,0.5,RandForest,no,5.548006582021313
100,0.5,RandForest,no,16.3624789864838
100,0.5,RandForest,no,9.689856691720172
100,0.5,RandForest,no,4.333771339328221
100,0.5,RandForest,no,8.720439996499264
100,0.5,RandForest,no,5.859757045248078
100,0.5,RandForest,no,5.614699824991636
100,0.5,RandForest,no,5.2855643052256145
100,0.5,RandForest,no,14.118025478679215
100,0.5,RandForest,no,6.337372091264643
100,0.5,RandForest,no,12.929983229093294
100,0.5,RandForest,no,56.761018240888255
100,0.5,RandForest,no,5.457378114710607
100,0.5,RandForest,no,6.331749949329228
100,0.5,RandForest,no,5.1640780730553555
100,0.5,RandForest,no,5.116930073892799
100,0.5,RandForest,no,7.981184237718525
100,0.5,RandForest,no,5.503885585409361
100,0.5,RandForest,no,6.04426144840126
100,0.5,RandForest,no,9.008022452289824
100,0.5,RandForest,no,8.646897681058652
200,0.5,"StochOptForest
(apx-soln)",yes,3.5308983277670607
200,0.5,"StochOptForest
(apx-soln)",yes,4.407672853037026
200,0.5,"StochOptForest
(apx-soln)",yes,4.483454407901506
200,0.5,"StochOptForest
(apx-soln)",yes,3.8628380135539153
200,0.5,"StochOptForest
(apx-soln)",yes,2.4623135152013247
200,0.5,"StochOptForest
(apx-soln)",yes,7.036168539430646
200,0.5,"StochOptForest
(apx-soln)",yes,3.7606023962212807
200,0.5,"StochOptForest
(apx-soln)",yes,4.416189787389364
200,0.5,"StochOptForest
(apx-soln)",yes,3.3783721025261206
200,0.5,"StochOptForest
(apx-soln)",yes,2.93303331074457
200,0.5,"StochOptForest
(apx-soln)",yes,4.351425990788373
200,0.5,"StochOptForest
(apx-soln)",yes,3.7601160523672736
200,0.5,"StochOptForest
(apx-soln)",yes,3.274100576777611
200,0.5,"StochOptForest
(apx-soln)",yes,3.6542053957508838
200,0.5,"StochOptForest
(apx-soln)",yes,6.316175865484163
200,0.5,"StochOptForest
(apx-soln)",yes,3.3178226669420807
200,0.5,"StochOptForest
(apx-soln)",yes,2.6996342442389794
200,0.5,"StochOptForest
(apx-soln)",yes,5.426343341089887
200,0.5,"StochOptForest
(apx-soln)",yes,3.7332226653310734
200,0.5,"StochOptForest
(apx-soln)",yes,2.8984319760691943
200,0.5,"StochOptForest
(apx-soln)",yes,4.577212789156938
200,0.5,"StochOptForest
(apx-soln)",yes,2.3741367076499755
200,0.5,"StochOptForest
(apx-soln)",yes,3.7912636736440617
200,0.5,"StochOptForest
(apx-soln)",yes,4.768726462114566
200,0.5,"StochOptForest
(apx-soln)",yes,8.376565272196405
200,0.5,"StochOptForest
(apx-soln)",yes,3.73162226894725
200,0.5,"StochOptForest
(apx-soln)",yes,3.027092405098378
200,0.5,"StochOptForest
(apx-soln)",yes,4.1855950663412695
200,0.5,"StochOptForest
(apx-soln)",yes,3.552974238035206
200,0.5,"StochOptForest
(apx-soln)",yes,2.685296277560641
200,0.5,"StochOptForest
(apx-soln)",yes,3.157564537814868
200,0.5,"StochOptForest
(apx-soln)",yes,4.388662257334751
200,0.5,"StochOptForest
(apx-soln)",yes,5.187633484762324
200,0.5,"StochOptForest
(apx-soln)",yes,3.220246017723048
200,0.5,"StochOptForest
(apx-soln)",yes,4.665513114949471
200,0.5,"StochOptForest
(apx-soln)",yes,2.4737723267246845
200,0.5,"StochOptForest
(apx-soln)",yes,3.568326151157671
200,0.5,"StochOptForest
(apx-soln)",yes,3.3928399884696945
200,0.5,"StochOptForest
(apx-soln)",yes,3.664139713014514
200,0.5,"StochOptForest
(apx-soln)",yes,2.8739873838883887
200,0.5,"StochOptForest
(apx-soln)",yes,4.73282964479416
200,0.5,"StochOptForest
(apx-soln)",yes,4.419671478375904
200,0.5,"StochOptForest
(apx-soln)",yes,4.169760457023654
200,0.5,"StochOptForest
(apx-soln)",yes,4.26600178159029
200,0.5,"StochOptForest
(apx-soln)",yes,4.798227281531452
200,0.5,"StochOptForest
(apx-soln)",yes,3.276480413392325
200,0.5,"StochOptForest
(apx-soln)",yes,4.297195977042659
200,0.5,"StochOptForest
(apx-soln)",yes,4.845369237768204
200,0.5,"StochOptForest
(apx-soln)",yes,4.098110253847681
200,0.5,"StochOptForest
(apx-soln)",yes,5.156638565889324
200,0.5,"StochOptForest
(apx-soln)",no,4.993517683117375
200,0.5,"StochOptForest
(apx-soln)",no,5.37646046002754
200,0.5,"StochOptForest
(apx-soln)",no,5.192177574165459
200,0.5,"StochOptForest
(apx-soln)",no,4.648806312278455
200,0.5,"StochOptForest
(apx-soln)",no,4.6897826701346865
200,0.5,"StochOptForest
(apx-soln)",no,5.409688989930344
200,0.5,"StochOptForest
(apx-soln)",no,5.022245112021834
200,0.5,"StochOptForest
(apx-soln)",no,4.904777448639056
200,0.5,"StochOptForest
(apx-soln)",no,4.752438329341263
200,0.5,"StochOptForest
(apx-soln)",no,4.856842398440911
200,0.5,"StochOptForest
(apx-soln)",no,5.460488218221632
200,0.5,"StochOptForest
(apx-soln)",no,5.387523790569572
200,0.5,"StochOptForest
(apx-soln)",no,4.631952538249535
200,0.5,"StochOptForest
(apx-soln)",no,4.707054888533042
200,0.5,"StochOptForest
(apx-soln)",no,4.858336681389153
200,0.5,"StochOptForest
(apx-soln)",no,4.653552180850155
200,0.5,"StochOptForest
(apx-soln)",no,4.919057792135436
200,0.5,"StochOptForest
(apx-soln)",no,4.540125448735261
200,0.5,"StochOptForest
(apx-soln)",no,4.993644723751409
200,0.5,"StochOptForest
(apx-soln)",no,4.7739342490920285
200,0.5,"StochOptForest
(apx-soln)",no,5.1933763117276905
200,0.5,"StochOptForest
(apx-soln)",no,4.679051101485113
200,0.5,"StochOptForest
(apx-soln)",no,4.896695837573389
200,0.5,"StochOptForest
(apx-soln)",no,4.8505059040631995
200,0.5,"StochOptForest
(apx-soln)",no,9.021483276811152
200,0.5,"StochOptForest
(apx-soln)",no,5.098236514057572
200,0.5,"StochOptForest
(apx-soln)",no,4.769219277973329
200,0.5,"StochOptForest
(apx-soln)",no,4.855912865256735
200,0.5,"StochOptForest
(apx-soln)",no,5.210836427349939
200,0.5,"StochOptForest
(apx-soln)",no,4.858865183088328
200,0.5,"StochOptForest
(apx-soln)",no,4.812941329879707
200,0.5,"StochOptForest
(apx-soln)",no,5.115001527446614
200,0.5,"StochOptForest
(apx-soln)",no,5.192687386627414
200,0.5,"StochOptForest
(apx-soln)",no,5.062587151971082
200,0.5,"StochOptForest
(apx-soln)",no,5.6324547283230455
200,0.5,"StochOptForest
(apx-soln)",no,4.985155222141969
200,0.5,"StochOptForest
(apx-soln)",no,5.28491066643923
200,0.5,"StochOptForest
(apx-soln)",no,5.044458846953822
200,0.5,"StochOptForest
(apx-soln)",no,4.739590140948836
200,0.5,"StochOptForest
(apx-soln)",no,4.547682902408745
200,0.5,"StochOptForest
(apx-soln)",no,4.709737523627386
200,0.5,"StochOptForest
(apx-soln)",no,5.185285165787573
200,0.5,"StochOptForest
(apx-soln)",no,4.580767636905791
200,0.5,"StochOptForest
(apx-soln)",no,5.10406742787092
200,0.5,"StochOptForest
(apx-soln)",no,4.872359011560404
200,0.5,"StochOptForest
(apx-soln)",no,4.9326176258906775
200,0.5,"StochOptForest
(apx-soln)",no,5.165571318545667
200,0.5,"StochOptForest
(apx-soln)",no,4.985583373610967
200,0.5,"StochOptForest
(apx-soln)",no,5.026751878388586
200,0.5,"StochOptForest
(apx-soln)",no,4.6059132820938
200,0.5,"StochOptForest
(apx-risk)",yes,4.238181923808967
200,0.5,"StochOptForest
(apx-risk)",yes,4.092812579509048
200,0.5,"StochOptForest
(apx-risk)",yes,4.138902942507505
200,0.5,"StochOptForest
(apx-risk)",yes,3.3916456584600136
200,0.5,"StochOptForest
(apx-risk)",yes,2.6916374594131436
200,0.5,"StochOptForest
(apx-risk)",yes,5.875029878025409
200,0.5,"StochOptForest
(apx-risk)",yes,4.276030749408062
200,0.5,"StochOptForest
(apx-risk)",yes,4.581186295959384
200,0.5,"StochOptForest
(apx-risk)",yes,3.1367512174950263
200,0.5,"StochOptForest
(apx-risk)",yes,3.026778658515346
200,0.5,"StochOptForest
(apx-risk)",yes,4.86031564605522
200,0.5,"StochOptForest
(apx-risk)",yes,3.9574355265686503
200,0.5,"StochOptForest
(apx-risk)",yes,3.555943681163475
200,0.5,"StochOptForest
(apx-risk)",yes,4.221138325927994
200,0.5,"StochOptForest
(apx-risk)",yes,8.517859495028313
200,0.5,"StochOptForest
(apx-risk)",yes,2.8873906798258218
200,0.5,"StochOptForest
(apx-risk)",yes,2.7724469951906485
200,0.5,"StochOptForest
(apx-risk)",yes,3.4044098058096774
200,0.5,"StochOptForest
(apx-risk)",yes,3.182337540325343
200,0.5,"StochOptForest
(apx-risk)",yes,2.4116429836924445
200,0.5,"StochOptForest
(apx-risk)",yes,4.4466765594342
200,0.5,"StochOptForest
(apx-risk)",yes,2.4718682133216148
200,0.5,"StochOptForest
(apx-risk)",yes,3.6063537820647493
200,0.5,"StochOptForest
(apx-risk)",yes,4.533609348163301
200,0.5,"StochOptForest
(apx-risk)",yes,10.021997820791766
200,0.5,"StochOptForest
(apx-risk)",yes,3.1049551687199353
200,0.5,"StochOptForest
(apx-risk)",yes,3.107803975299959
200,0.5,"StochOptForest
(apx-risk)",yes,4.2082080715098025
200,0.5,"StochOptForest
(apx-risk)",yes,3.194657158956547
200,0.5,"StochOptForest
(apx-risk)",yes,3.0396406024854756
200,0.5,"StochOptForest
(apx-risk)",yes,3.1652772558413576
200,0.5,"StochOptForest
(apx-risk)",yes,4.812415521507306
200,0.5,"StochOptForest
(apx-risk)",yes,4.640711567601772
200,0.5,"StochOptForest
(apx-risk)",yes,3.241085432871658
200,0.5,"StochOptForest
(apx-risk)",yes,5.335704315900837
200,0.5,"StochOptForest
(apx-risk)",yes,2.7849071673360264
200,0.5,"StochOptForest
(apx-risk)",yes,3.1081817949705832
200,0.5,"StochOptForest
(apx-risk)",yes,3.358427875603683
200,0.5,"StochOptForest
(apx-risk)",yes,3.859127871465463
200,0.5,"StochOptForest
(apx-risk)",yes,2.836453652156696
200,0.5,"StochOptForest
(apx-risk)",yes,3.251105716492262
200,0.5,"StochOptForest
(apx-risk)",yes,4.269871720836143
200,0.5,"StochOptForest
(apx-risk)",yes,4.158334597196131
200,0.5,"StochOptForest
(apx-risk)",yes,4.07361837910963
200,0.5,"StochOptForest
(apx-risk)",yes,4.815355169594238
200,0.5,"StochOptForest
(apx-risk)",yes,3.396575405546047
200,0.5,"StochOptForest
(apx-risk)",yes,5.427774896639298
200,0.5,"StochOptForest
(apx-risk)",yes,4.9477729704071916
200,0.5,"StochOptForest
(apx-risk)",yes,3.2616909065973987
200,0.5,"StochOptForest
(apx-risk)",yes,5.003474530887924
200,0.5,"StochOptForest
(apx-risk)",no,4.728349027686275
200,0.5,"StochOptForest
(apx-risk)",no,3.7163397228609374
200,0.5,"StochOptForest
(apx-risk)",no,4.502810522797425
200,0.5,"StochOptForest
(apx-risk)",no,4.826413507258459
200,0.5,"StochOptForest
(apx-risk)",no,2.8885726138359615
200,0.5,"StochOptForest
(apx-risk)",no,12.293177305568708
200,0.5,"StochOptForest
(apx-risk)",no,4.126250113016589
200,0.5,"StochOptForest
(apx-risk)",no,5.065485995298906
200,0.5,"StochOptForest
(apx-risk)",no,3.9673515097633434
200,0.5,"StochOptForest
(apx-risk)",no,4.578856620971308
200,0.5,"StochOptForest
(apx-risk)",no,12.288026047689804
200,0.5,"StochOptForest
(apx-risk)",no,5.267527696779314
200,0.5,"StochOptForest
(apx-risk)",no,3.2285324225753698
200,0.5,"StochOptForest
(apx-risk)",no,5.672562521280837
200,0.5,"StochOptForest
(apx-risk)",no,10.028801306054655
200,0.5,"StochOptForest
(apx-risk)",no,4.052572952186167
200,0.5,"StochOptForest
(apx-risk)",no,3.2847248349482587
200,0.5,"StochOptForest
(apx-risk)",no,3.43095239286342
200,0.5,"StochOptForest
(apx-risk)",no,3.692621967222639
200,0.5,"StochOptForest
(apx-risk)",no,2.6314565669605092
200,0.5,"StochOptForest
(apx-risk)",no,4.768149654449377
200,0.5,"StochOptForest
(apx-risk)",no,2.790726110961282
200,0.5,"StochOptForest
(apx-risk)",no,5.283459967147594
200,0.5,"StochOptForest
(apx-risk)",no,4.78215469195306
200,0.5,"StochOptForest
(apx-risk)",no,12.88172490941376
200,0.5,"StochOptForest
(apx-risk)",no,3.3952897710794163
200,0.5,"StochOptForest
(apx-risk)",no,2.578743311606299
200,0.5,"StochOptForest
(apx-risk)",no,4.856571279728592
200,0.5,"StochOptForest
(apx-risk)",no,3.8746478018505055
200,0.5,"StochOptForest
(apx-risk)",no,3.3075436128315148
200,0.5,"StochOptForest
(apx-risk)",no,4.033012400498505
200,0.5,"StochOptForest
(apx-risk)",no,5.290005375084774
200,0.5,"StochOptForest
(apx-risk)",no,5.380623425466036
200,0.5,"StochOptForest
(apx-risk)",no,3.132147732576031
200,0.5,"StochOptForest
(apx-risk)",no,4.9182614233361335
200,0.5,"StochOptForest
(apx-risk)",no,3.6795572349287546
200,0.5,"StochOptForest
(apx-risk)",no,3.3086910438365504
200,0.5,"StochOptForest
(apx-risk)",no,3.3787429221678487
200,0.5,"StochOptForest
(apx-risk)",no,4.672485027721482
200,0.5,"StochOptForest
(apx-risk)",no,3.5847912881822452
200,0.5,"StochOptForest
(apx-risk)",no,4.552486268901117
200,0.5,"StochOptForest
(apx-risk)",no,4.628373470072776
200,0.5,"StochOptForest
(apx-risk)",no,4.750628043295194
200,0.5,"StochOptForest
(apx-risk)",no,4.0200905085320136
200,0.5,"StochOptForest
(apx-risk)",no,4.056441712576552
200,0.5,"StochOptForest
(apx-risk)",no,8.604155366426914
200,0.5,"StochOptForest
(apx-risk)",no,5.9150568348455135
200,0.5,"StochOptForest
(apx-risk)",no,6.206264805097386
200,0.5,"StochOptForest
(apx-risk)",no,3.3848797545048392
200,0.5,"StochOptForest
(apx-risk)",no,5.235246863805026
200,0.5,RandSplitForest,no,5.127290258399389
200,0.5,RandSplitForest,no,5.188515479314751
200,0.5,RandSplitForest,no,5.388751312153939
200,0.5,RandSplitForest,no,4.538747429464181
200,0.5,RandSplitForest,no,4.621035369260031
200,0.5,RandSplitForest,no,6.587029561269255
200,0.5,RandSplitForest,no,4.898113544920634
200,0.5,RandSplitForest,no,5.019537573769181
200,0.5,RandSplitForest,no,4.769559257722202
200,0.5,RandSplitForest,no,4.577322217452327
200,0.5,RandSplitForest,no,6.047401242028309
200,0.5,RandSplitForest,no,5.38210651368563
200,0.5,RandSplitForest,no,4.506429008455729
200,0.5,RandSplitForest,no,4.873006454329493
200,0.5,RandSplitForest,no,6.078127864931496
200,0.5,RandSplitForest,no,4.666561088435127
200,0.5,RandSplitForest,no,4.802853145518451
200,0.5,RandSplitForest,no,4.540923251575368
200,0.5,RandSplitForest,no,4.959373484762515
200,0.5,RandSplitForest,no,4.60774846738135
200,0.5,RandSplitForest,no,5.208604319623101
200,0.5,RandSplitForest,no,4.55390226608295
200,0.5,RandSplitForest,no,4.734771220395059
200,0.5,RandSplitForest,no,5.006509184505493
200,0.5,RandSplitForest,no,10.832985935828756
200,0.5,RandSplitForest,no,4.980007407898262
200,0.5,RandSplitForest,no,4.565341698684913
200,0.5,RandSplitForest,no,5.286036904321627
200,0.5,RandSplitForest,no,5.2655547963271
200,0.5,RandSplitForest,no,4.7351489469527595
200,0.5,RandSplitForest,no,4.7297422238935365
200,0.5,RandSplitForest,no,5.377935772081148
200,0.5,RandSplitForest,no,5.5255902872996
200,0.5,RandSplitForest,no,5.010927432956512
200,0.5,RandSplitForest,no,6.1021964310190375
200,0.5,RandSplitForest,no,4.846391069379456
200,0.5,RandSplitForest,no,5.675122437886026
200,0.5,RandSplitForest,no,4.939635760752855
200,0.5,RandSplitForest,no,4.891643599330937
200,0.5,RandSplitForest,no,4.364413948927608
200,0.5,RandSplitForest,no,4.544595383388405
200,0.5,RandSplitForest,no,5.007000073701888
200,0.5,RandSplitForest,no,4.960387808399019
200,0.5,RandSplitForest,no,4.9211807708346695
200,0.5,RandSplitForest,no,4.890092373896349
200,0.5,RandSplitForest,no,5.333464514146904
200,0.5,RandSplitForest,no,5.552592050683273
200,0.5,RandSplitForest,no,5.268704156693795
200,0.5,RandSplitForest,no,4.959063665396788
200,0.5,RandSplitForest,no,5.02426444590845
200,0.5,RandForest,no,8.06125206751903
200,0.5,RandForest,no,8.88992777553444
200,0.5,RandForest,no,27.823528488327774
200,0.5,RandForest,no,5.1014223967123575
200,0.5,RandForest,no,14.659760163660279
200,0.5,RandForest,no,43.240987023171556
200,0.5,RandForest,no,5.461180120124812
200,0.5,RandForest,no,5.817470438215272
200,0.5,RandForest,no,6.6099877849789745
200,0.5,RandForest,no,8.49618592853598
200,0.5,RandForest,no,14.04606503320143
200,0.5,RandForest,no,16.733252721699593
200,0.5,RandForest,no,5.390114937138885
200,0.5,RandForest,no,13.535636489738792
200,0.5,RandForest,no,16.951220823123876
200,0.5,RandForest,no,6.102147436578817
200,0.5,RandForest,no,5.493280030251481
200,0.5,RandForest,no,6.178197615582791
200,0.5,RandForest,no,6.222474581687031
200,0.5,RandForest,no,5.209927672169634
200,0.5,RandForest,no,66.71057586698329
200,0.5,RandForest,no,4.9754696676004135
200,0.5,RandForest,no,7.185222479494725
200,0.5,RandForest,no,9.205454724611224
200,0.5,RandForest,no,35.87876440926572
200,0.5,RandForest,no,5.578532758220575
200,0.5,RandForest,no,6.8334390539768854
200,0.5,RandForest,no,18.80213154471504
200,0.5,RandForest,no,16.527295270302623
200,0.5,RandForest,no,16.647078003608275
200,0.5,RandForest,no,6.704443389701356
200,0.5,RandForest,no,9.195978436881012
200,0.5,RandForest,no,16.377883411870126
200,0.5,RandForest,no,5.345697464707143
200,0.5,RandForest,no,20.24617816863669
200,0.5,RandForest,no,6.204834933155978
200,0.5,RandForest,no,14.319564331503265
200,0.5,RandForest,no,17.313133122226304
200,0.5,RandForest,no,7.570230791023297
200,0.5,RandForest,no,4.940083084653242
200,0.5,RandForest,no,14.822646946803413
200,0.5,RandForest,no,7.187687768311855
200,0.5,RandForest,no,8.895221947108473
200,0.5,RandForest,no,6.048609699011538
200,0.5,RandForest,no,6.364427378408518
200,0.5,RandForest,no,12.658072822405417
200,0.5,RandForest,no,7.783575072111432
200,0.5,RandForest,no,14.882853169976592
200,0.5,RandForest,no,5.8628961782590725
200,0.5,RandForest,no,14.140067792721158
400,0.5,"StochOptForest
(apx-soln)",yes,2.4147406755389467
400,0.5,"StochOptForest
(apx-soln)",yes,3.6812601564846337
400,0.5,"StochOptForest
(apx-soln)",yes,3.5716624803849792
400,0.5,"StochOptForest
(apx-soln)",yes,2.597935948153238
400,0.5,"StochOptForest
(apx-soln)",yes,3.7138122998672882
400,0.5,"StochOptForest
(apx-soln)",yes,2.654779216722265
400,0.5,"StochOptForest
(apx-soln)",yes,2.2032393972642192
400,0.5,"StochOptForest
(apx-soln)",yes,2.2448461455475357
400,0.5,"StochOptForest
(apx-soln)",yes,2.8470022603515726
400,0.5,"StochOptForest
(apx-soln)",yes,2.822706554059256
400,0.5,"StochOptForest
(apx-soln)",yes,2.4708845301986213
400,0.5,"StochOptForest
(apx-soln)",yes,2.6730627816012897
400,0.5,"StochOptForest
(apx-soln)",yes,2.748181926958269
400,0.5,"StochOptForest
(apx-soln)",yes,3.61684249240627
400,0.5,"StochOptForest
(apx-soln)",yes,3.4642144170050515
400,0.5,"StochOptForest
(apx-soln)",yes,2.571072146742013
400,0.5,"StochOptForest
(apx-soln)",yes,3.3517840077454024
400,0.5,"StochOptForest
(apx-soln)",yes,2.3821668497091317
400,0.5,"StochOptForest
(apx-soln)",yes,4.267609860800333
400,0.5,"StochOptForest
(apx-soln)",yes,2.7427947935384367
400,0.5,"StochOptForest
(apx-soln)",yes,2.576572777152076
400,0.5,"StochOptForest
(apx-soln)",yes,4.044691475663134
400,0.5,"StochOptForest
(apx-soln)",yes,3.047249276042487
400,0.5,"StochOptForest
(apx-soln)",yes,2.5332611153646307
400,0.5,"StochOptForest
(apx-soln)",yes,3.6038009911056474
400,0.5,"StochOptForest
(apx-soln)",yes,2.773777669637496
400,0.5,"StochOptForest
(apx-soln)",yes,3.8873509484026307
400,0.5,"StochOptForest
(apx-soln)",yes,3.4794777770440253
400,0.5,"StochOptForest
(apx-soln)",yes,2.401897754033218
400,0.5,"StochOptForest
(apx-soln)",yes,4.20792168456031
400,0.5,"StochOptForest
(apx-soln)",yes,3.705792547236103
400,0.5,"StochOptForest
(apx-soln)",yes,2.560258441850329
400,0.5,"StochOptForest
(apx-soln)",yes,3.60244880605091
400,0.5,"StochOptForest
(apx-soln)",yes,3.0782520840354106
400,0.5,"StochOptForest
(apx-soln)",yes,3.67657282469722
400,0.5,"StochOptForest
(apx-soln)",yes,2.6862165533555755
400,0.5,"StochOptForest
(apx-soln)",yes,4.406498390413611
400,0.5,"StochOptForest
(apx-soln)",yes,2.449689471549202
400,0.5,"StochOptForest
(apx-soln)",yes,3.363956343501022
400,0.5,"StochOptForest
(apx-soln)",yes,3.416951077960549
400,0.5,"StochOptForest
(apx-soln)",yes,2.729069608988977
400,0.5,"StochOptForest
(apx-soln)",yes,2.587009043568996
400,0.5,"StochOptForest
(apx-soln)",yes,4.492008911189466
400,0.5,"StochOptForest
(apx-soln)",yes,2.352077653863847
400,0.5,"StochOptForest
(apx-soln)",yes,3.175975698010469
400,0.5,"StochOptForest
(apx-soln)",yes,3.9618822334483697
400,0.5,"StochOptForest
(apx-soln)",yes,2.284245450281192
400,0.5,"StochOptForest
(apx-soln)",yes,4.359721533603787
400,0.5,"StochOptForest
(apx-soln)",yes,2.8909686079188184
400,0.5,"StochOptForest
(apx-soln)",yes,3.966811864126468
400,0.5,"StochOptForest
(apx-soln)",no,4.9649425273063175
400,0.5,"StochOptForest
(apx-soln)",no,4.489241403773787
400,0.5,"StochOptForest
(apx-soln)",no,4.952041508155205
400,0.5,"StochOptForest
(apx-soln)",no,4.56160657703558
400,0.5,"StochOptForest
(apx-soln)",no,5.2058290392778055
400,0.5,"StochOptForest
(apx-soln)",no,5.102548725864435
400,0.5,"StochOptForest
(apx-soln)",no,4.678958267166329
400,0.5,"StochOptForest
(apx-soln)",no,4.710859315897316
400,0.5,"StochOptForest
(apx-soln)",no,5.078410426613488
400,0.5,"StochOptForest
(apx-soln)",no,4.919175611304083
400,0.5,"StochOptForest
(apx-soln)",no,4.80401385933612
400,0.5,"StochOptForest
(apx-soln)",no,4.552271027277842
400,0.5,"StochOptForest
(apx-soln)",no,4.911814210818917
400,0.5,"StochOptForest
(apx-soln)",no,5.034752159050526
400,0.5,"StochOptForest
(apx-soln)",no,4.536918504543833
400,0.5,"StochOptForest
(apx-soln)",no,5.209580942153621
400,0.5,"StochOptForest
(apx-soln)",no,4.674691740866169
400,0.5,"StochOptForest
(apx-soln)",no,4.762821767873803
400,0.5,"StochOptForest
(apx-soln)",no,5.032168579016066
400,0.5,"StochOptForest
(apx-soln)",no,4.8525993711670745
400,0.5,"StochOptForest
(apx-soln)",no,4.728032452225656
400,0.5,"StochOptForest
(apx-soln)",no,5.62358398124427
400,0.5,"StochOptForest
(apx-soln)",no,4.804102049052695
400,0.5,"StochOptForest
(apx-soln)",no,4.81794878766198
400,0.5,"StochOptForest
(apx-soln)",no,7.353326874472654
400,0.5,"StochOptForest
(apx-soln)",no,5.32051828217556
400,0.5,"StochOptForest
(apx-soln)",no,4.725143302259143
400,0.5,"StochOptForest
(apx-soln)",no,4.999616060056655
400,0.5,"StochOptForest
(apx-soln)",no,5.25898268112201
400,0.5,"StochOptForest
(apx-soln)",no,4.9031443250883875
400,0.5,"StochOptForest
(apx-soln)",no,5.043696474243299
400,0.5,"StochOptForest
(apx-soln)",no,5.0314105407293415
400,0.5,"StochOptForest
(apx-soln)",no,5.152273539215588
400,0.5,"StochOptForest
(apx-soln)",no,4.81364718732139
400,0.5,"StochOptForest
(apx-soln)",no,4.922703564936882
400,0.5,"StochOptForest
(apx-soln)",no,4.892228658116236
400,0.5,"StochOptForest
(apx-soln)",no,4.731474442099626
400,0.5,"StochOptForest
(apx-soln)",no,4.912611607467681
400,0.5,"StochOptForest
(apx-soln)",no,5.022508943893408
400,0.5,"StochOptForest
(apx-soln)",no,4.896168519729722
400,0.5,"StochOptForest
(apx-soln)",no,4.703249818412086
400,0.5,"StochOptForest
(apx-soln)",no,4.947726393964551
400,0.5,"StochOptForest
(apx-soln)",no,5.0574580677655705
400,0.5,"StochOptForest
(apx-soln)",no,4.835078988442222
400,0.5,"StochOptForest
(apx-soln)",no,5.04464895339888
400,0.5,"StochOptForest
(apx-soln)",no,4.64138075753302
400,0.5,"StochOptForest
(apx-soln)",no,4.7935131799908985
400,0.5,"StochOptForest
(apx-soln)",no,5.045738364298717
400,0.5,"StochOptForest
(apx-soln)",no,4.910619800621458
400,0.5,"StochOptForest
(apx-soln)",no,5.309922676758067
400,0.5,"StochOptForest
(apx-risk)",yes,2.9250496787616624
400,0.5,"StochOptForest
(apx-risk)",yes,3.9623082485785983
400,0.5,"StochOptForest
(apx-risk)",yes,3.616793695227524
400,0.5,"StochOptForest
(apx-risk)",yes,2.7735087924492516
400,0.5,"StochOptForest
(apx-risk)",yes,6.487917540080855
400,0.5,"StochOptForest
(apx-risk)",yes,3.0115003013569464
400,0.5,"StochOptForest
(apx-risk)",yes,2.2347627371465832
400,0.5,"StochOptForest
(apx-risk)",yes,2.4912339837736965
400,0.5,"StochOptForest
(apx-risk)",yes,3.016432070637353
400,0.5,"StochOptForest
(apx-risk)",yes,3.037223761465005
400,0.5,"StochOptForest
(apx-risk)",yes,2.2293326330840157
400,0.5,"StochOptForest
(apx-risk)",yes,2.5773834522246677
400,0.5,"StochOptForest
(apx-risk)",yes,3.121404974651546
400,0.5,"StochOptForest
(apx-risk)",yes,4.158477764397161
400,0.5,"StochOptForest
(apx-risk)",yes,3.6254668890011157
400,0.5,"StochOptForest
(apx-risk)",yes,2.5851415029356186
400,0.5,"StochOptForest
(apx-risk)",yes,2.722845082327787
400,0.5,"StochOptForest
(apx-risk)",yes,2.962822983340266
400,0.5,"StochOptForest
(apx-risk)",yes,4.244135082840195
400,0.5,"StochOptForest
(apx-risk)",yes,2.7377561314430676
400,0.5,"StochOptForest
(apx-risk)",yes,3.3908838249955475
400,0.5,"StochOptForest
(apx-risk)",yes,3.7703508471024674
400,0.5,"StochOptForest
(apx-risk)",yes,3.0398764478367015
400,0.5,"StochOptForest
(apx-risk)",yes,2.717621945605865
400,0.5,"StochOptForest
(apx-risk)",yes,4.236333647814183
400,0.5,"StochOptForest
(apx-risk)",yes,3.166010253029197
400,0.5,"StochOptForest
(apx-risk)",yes,3.66095431894629
400,0.5,"StochOptForest
(apx-risk)",yes,4.166475124108322
400,0.5,"StochOptForest
(apx-risk)",yes,2.395102065341767
400,0.5,"StochOptForest
(apx-risk)",yes,5.019776987126156
400,0.5,"StochOptForest
(apx-risk)",yes,3.587469360992978
400,0.5,"StochOptForest
(apx-risk)",yes,2.892127702804255
400,0.5,"StochOptForest
(apx-risk)",yes,3.6274377169316443
400,0.5,"StochOptForest
(apx-risk)",yes,2.480677132186663
400,0.5,"StochOptForest
(apx-risk)",yes,3.1994218762459354
400,0.5,"StochOptForest
(apx-risk)",yes,3.132176106835741
400,0.5,"StochOptForest
(apx-risk)",yes,3.703689510906861
400,0.5,"StochOptForest
(apx-risk)",yes,3.028460087261083
400,0.5,"StochOptForest
(apx-risk)",yes,6.58188362465937
400,0.5,"StochOptForest
(apx-risk)",yes,3.3942771679853365
400,0.5,"StochOptForest
(apx-risk)",yes,3.2117697528007305
400,0.5,"StochOptForest
(apx-risk)",yes,2.838734384813171
400,0.5,"StochOptForest
(apx-risk)",yes,4.405505942911671
400,0.5,"StochOptForest
(apx-risk)",yes,2.3701525555033145
400,0.5,"StochOptForest
(apx-risk)",yes,3.817668253137902
400,0.5,"StochOptForest
(apx-risk)",yes,4.570605561975405
400,0.5,"StochOptForest
(apx-risk)",yes,2.6574069182736224
400,0.5,"StochOptForest
(apx-risk)",yes,5.035552140524704
400,0.5,"StochOptForest
(apx-risk)",yes,3.4104941436417646
400,0.5,"StochOptForest
(apx-risk)",yes,3.6320187765107024
400,0.5,"StochOptForest
(apx-risk)",no,3.768483221157707
400,0.5,"StochOptForest
(apx-risk)",no,9.133202306733894
400,0.5,"StochOptForest
(apx-risk)",no,3.5584118873436807
400,0.5,"StochOptForest
(apx-risk)",no,2.944603891348684
400,0.5,"StochOptForest
(apx-risk)",no,7.4205400733246565
400,0.5,"StochOptForest
(apx-risk)",no,4.409231397972878
400,0.5,"StochOptForest
(apx-risk)",no,3.3827440617288893
400,0.5,"StochOptForest
(apx-risk)",no,3.691637310539728
400,0.5,"StochOptForest
(apx-risk)",no,4.009465238632625
400,0.5,"StochOptForest
(apx-risk)",no,4.401874124047365
400,0.5,"StochOptForest
(apx-risk)",no,2.887271461511649
400,0.5,"StochOptForest
(apx-risk)",no,3.8778468188151396
400,0.5,"StochOptForest
(apx-risk)",no,4.867598944808985
400,0.5,"StochOptForest
(apx-risk)",no,6.359713854176554
400,0.5,"StochOptForest
(apx-risk)",no,3.6775821229639236
400,0.5,"StochOptForest
(apx-risk)",no,3.742821077512352
400,0.5,"StochOptForest
(apx-risk)",no,3.278342478582147
400,0.5,"StochOptForest
(apx-risk)",no,4.378429834663788
400,0.5,"StochOptForest
(apx-risk)",no,6.812481241912022
400,0.5,"StochOptForest
(apx-risk)",no,3.272398569993882
400,0.5,"StochOptForest
(apx-risk)",no,3.7382894080875984
400,0.5,"StochOptForest
(apx-risk)",no,5.166876909665477
400,0.5,"StochOptForest
(apx-risk)",no,3.742149308444134
400,0.5,"StochOptForest
(apx-risk)",no,3.309619243124446
400,0.5,"StochOptForest
(apx-risk)",no,8.749863470940651
400,0.5,"StochOptForest
(apx-risk)",no,3.8772897724650166
400,0.5,"StochOptForest
(apx-risk)",no,4.806352254272706
400,0.5,"StochOptForest
(apx-risk)",no,4.901132672642288
400,0.5,"StochOptForest
(apx-risk)",no,2.7982545576394227
400,0.5,"StochOptForest
(apx-risk)",no,8.068724738863581
400,0.5,"StochOptForest
(apx-risk)",no,4.128793090419194
400,0.5,"StochOptForest
(apx-risk)",no,5.094108429266426
400,0.5,"StochOptForest
(apx-risk)",no,5.440945339796261
400,0.5,"StochOptForest
(apx-risk)",no,4.247891484853648
400,0.5,"StochOptForest
(apx-risk)",no,3.4440455614821137
400,0.5,"StochOptForest
(apx-risk)",no,5.115531631848902
400,0.5,"StochOptForest
(apx-risk)",no,4.699636671532864
400,0.5,"StochOptForest
(apx-risk)",no,5.132456351324645
400,0.5,"StochOptForest
(apx-risk)",no,11.261250037073719
400,0.5,"StochOptForest
(apx-risk)",no,3.190788840277173
400,0.5,"StochOptForest
(apx-risk)",no,5.745470570314417
400,0.5,"StochOptForest
(apx-risk)",no,6.781138315075335
400,0.5,"StochOptForest
(apx-risk)",no,5.365881204691497
400,0.5,"StochOptForest
(apx-risk)",no,2.8898276461045436
400,0.5,"StochOptForest
(apx-risk)",no,4.6453610974558766
400,0.5,"StochOptForest
(apx-risk)",no,10.51426590703294
400,0.5,"StochOptForest
(apx-risk)",no,3.1470970251643524
400,0.5,"StochOptForest
(apx-risk)",no,5.507599584885945
400,0.5,"StochOptForest
(apx-risk)",no,4.615200892115004
400,0.5,"StochOptForest
(apx-risk)",no,3.7329260514081875
400,0.5,RandSplitForest,no,5.1270659250901645
400,0.5,RandSplitForest,no,5.017595084936296
400,0.5,RandSplitForest,no,4.732065460096807
400,0.5,RandSplitForest,no,4.524990558993922
400,0.5,RandSplitForest,no,5.452204019110898
400,0.5,RandSplitForest,no,5.601952583818392
400,0.5,RandSplitForest,no,4.493053873689382
400,0.5,RandSplitForest,no,4.729771862097753
400,0.5,RandSplitForest,no,5.106376014589528
400,0.5,RandSplitForest,no,5.328823709913616
400,0.5,RandSplitForest,no,4.630471074699778
400,0.5,RandSplitForest,no,4.514088957749113
400,0.5,RandSplitForest,no,4.868239590596666
400,0.5,RandSplitForest,no,5.537592428631333
400,0.5,RandSplitForest,no,4.569200270479865
400,0.5,RandSplitForest,no,4.976076182950015
400,0.5,RandSplitForest,no,4.771307497204807
400,0.5,RandSplitForest,no,4.902264593887526
400,0.5,RandSplitForest,no,5.27977914023944
400,0.5,RandSplitForest,no,4.7355265739100005
400,0.5,RandSplitForest,no,4.885323798809346
400,0.5,RandSplitForest,no,5.948179218768777
400,0.5,RandSplitForest,no,4.786042555733634
400,0.5,RandSplitForest,no,4.892490979378113
400,0.5,RandSplitForest,no,5.56967319662853
400,0.5,RandSplitForest,no,5.477957116765293
400,0.5,RandSplitForest,no,4.947829704946863
400,0.5,RandSplitForest,no,5.484588064863045
400,0.5,RandSplitForest,no,5.034803408976364
400,0.5,RandSplitForest,no,6.227230353318401
400,0.5,RandSplitForest,no,4.967265134474623
400,0.5,RandSplitForest,no,5.4783698772181335
400,0.5,RandSplitForest,no,5.676823143337807
400,0.5,RandSplitForest,no,4.725200856178265
400,0.5,RandSplitForest,no,4.955577966392266
400,0.5,RandSplitForest,no,4.99846374700012
400,0.5,RandSplitForest,no,4.66174142308114
400,0.5,RandSplitForest,no,4.960068017042956
400,0.5,RandSplitForest,no,5.315853170583689
400,0.5,RandSplitForest,no,4.948986771819193
400,0.5,RandSplitForest,no,4.75856168125232
400,0.5,RandSplitForest,no,5.107490999048489
400,0.5,RandSplitForest,no,5.358312179405804
400,0.5,RandSplitForest,no,4.708739010350325
400,0.5,RandSplitForest,no,5.352010127896478
400,0.5,RandSplitForest,no,5.358395038941565
400,0.5,RandSplitForest,no,4.55438850531107
400,0.5,RandSplitForest,no,5.5217459692763775
400,0.5,RandSplitForest,no,4.991052942938079
400,0.5,RandSplitForest,no,5.469279848470665
400,0.5,RandForest,no,14.972454201181536
400,0.5,RandForest,no,44.886061694452835
400,0.5,RandForest,no,5.804199284392696
400,0.5,RandForest,no,5.313672541442174
400,0.5,RandForest,no,9.02996398833106
400,0.5,RandForest,no,14.254843309939874
400,0.5,RandForest,no,5.291838957734862
400,0.5,RandForest,no,18.95397980873981
400,0.5,RandForest,no,13.640691189933657
400,0.5,RandForest,no,8.228742745063181
400,0.5,RandForest,no,5.859963209079549
400,0.5,RandForest,no,8.877677571229206
400,0.5,RandForest,no,6.670745954552607
400,0.5,RandForest,no,15.86777664811208
400,0.5,RandForest,no,5.933242921544052
400,0.5,RandForest,no,6.914610895299312
400,0.5,RandForest,no,6.809412913719883
400,0.5,RandForest,no,8.069700578259766
400,0.5,RandForest,no,10.026711520274105
400,0.5,RandForest,no,7.975145267747998
400,0.5,RandForest,no,7.296428338390254
400,0.5,RandForest,no,15.15785424178461
400,0.5,RandForest,no,9.10524890900137
400,0.5,RandForest,no,84.166792070113
400,0.5,RandForest,no,23.995615940718977
400,0.5,RandForest,no,12.28883410121051
400,0.5,RandForest,no,7.613903560801084
400,0.5,RandForest,no,10.40332719853311
400,0.5,RandForest,no,7.515962421244283
400,0.5,RandForest,no,50.81502146961862
400,0.5,RandForest,no,10.36352445169608
400,0.5,RandForest,no,10.839189485780244
400,0.5,RandForest,no,8.92134712008632
400,0.5,RandForest,no,10.118352615521442
400,0.5,RandForest,no,6.499082219573214
400,0.5,RandForest,no,7.186084490001151
400,0.5,RandForest,no,6.262085177581818
400,0.5,RandForest,no,12.185254094290631
400,0.5,RandForest,no,11.78846416870211
400,0.5,RandForest,no,7.102567715030882
400,0.5,RandForest,no,9.081450817875027
400,0.5,RandForest,no,7.146138837393125
400,0.5,RandForest,no,7.494554299475725
400,0.5,RandForest,no,5.845034665337502
400,0.5,RandForest,no,7.523017888373477
400,0.5,RandForest,no,10.386695588847072
400,0.5,RandForest,no,6.589366891508543
400,0.5,RandForest,no,29.338199318728986
400,0.5,RandForest,no,9.615458326517166
400,0.5,RandForest,no,7.91468352457424
800,0.5,"StochOptForest
(apx-soln)",yes,2.5593437491690243
800,0.5,"StochOptForest
(apx-soln)",yes,2.3676465996594276
800,0.5,"StochOptForest
(apx-soln)",yes,2.6603028783466787
800,0.5,"StochOptForest
(apx-soln)",yes,2.2958193504725783
800,0.5,"StochOptForest
(apx-soln)",yes,2.107728364114326
800,0.5,"StochOptForest
(apx-soln)",yes,3.1146729034587266
800,0.5,"StochOptForest
(apx-soln)",yes,2.5204805274447293
800,0.5,"StochOptForest
(apx-soln)",yes,2.5826574474455013
800,0.5,"StochOptForest
(apx-soln)",yes,2.9002686947694207
800,0.5,"StochOptForest
(apx-soln)",yes,2.234611861795131
800,0.5,"StochOptForest
(apx-soln)",yes,3.191879381729517
800,0.5,"StochOptForest
(apx-soln)",yes,2.626094063737537
800,0.5,"StochOptForest
(apx-soln)",yes,2.6852011671065923
800,0.5,"StochOptForest
(apx-soln)",yes,2.965328296270633
800,0.5,"StochOptForest
(apx-soln)",yes,2.159346718105079
800,0.5,"StochOptForest
(apx-soln)",yes,2.7352575706510316
800,0.5,"StochOptForest
(apx-soln)",yes,3.2452056519965935
800,0.5,"StochOptForest
(apx-soln)",yes,5.1830378038386495
800,0.5,"StochOptForest
(apx-soln)",yes,2.688548318650935
800,0.5,"StochOptForest
(apx-soln)",yes,2.8955353861758066
800,0.5,"StochOptForest
(apx-soln)",yes,2.331508282930052
800,0.5,"StochOptForest
(apx-soln)",yes,2.799564544367578
800,0.5,"StochOptForest
(apx-soln)",yes,3.5863212509457143
800,0.5,"StochOptForest
(apx-soln)",yes,3.0100319388668577
800,0.5,"StochOptForest
(apx-soln)",yes,1.8450376359028469
800,0.5,"StochOptForest
(apx-soln)",yes,1.8303921083986106
800,0.5,"StochOptForest
(apx-soln)",yes,2.3140985580644853
800,0.5,"StochOptForest
(apx-soln)",yes,2.2980441644656007
800,0.5,"StochOptForest
(apx-soln)",yes,2.9188667376486994
800,0.5,"StochOptForest
(apx-soln)",yes,3.131780254139055
800,0.5,"StochOptForest
(apx-soln)",yes,2.6668870633121498
800,0.5,"StochOptForest
(apx-soln)",yes,1.9670360313057018
800,0.5,"StochOptForest
(apx-soln)",yes,2.586673164824128
800,0.5,"StochOptForest
(apx-soln)",yes,2.103686759831686
800,0.5,"StochOptForest
(apx-soln)",yes,4.170270389379828
800,0.5,"StochOptForest
(apx-soln)",yes,2.4980674167383317
800,0.5,"StochOptForest
(apx-soln)",yes,3.413297735365621
800,0.5,"StochOptForest
(apx-soln)",yes,2.3900890076215697
800,0.5,"StochOptForest
(apx-soln)",yes,3.64746489784376
800,0.5,"StochOptForest
(apx-soln)",yes,3.2728732628742403
800,0.5,"StochOptForest
(apx-soln)",yes,4.053573545080376
800,0.5,"StochOptForest
(apx-soln)",yes,2.2910922302802645
800,0.5,"StochOptForest
(apx-soln)",yes,3.054736668362147
800,0.5,"StochOptForest
(apx-soln)",yes,2.4182617658420016
800,0.5,"StochOptForest
(apx-soln)",yes,3.4623339629194994
800,0.5,"StochOptForest
(apx-soln)",yes,3.830438550448146
800,0.5,"StochOptForest
(apx-soln)",yes,3.3517261034010692
800,0.5,"StochOptForest
(apx-soln)",yes,2.309484206569868
800,0.5,"StochOptForest
(apx-soln)",yes,2.0441641754755513
800,0.5,"StochOptForest
(apx-soln)",yes,2.704573864657433
800,0.5,"StochOptForest
(apx-soln)",no,4.666058060981001
800,0.5,"StochOptForest
(apx-soln)",no,5.010793434735747
800,0.5,"StochOptForest
(apx-soln)",no,4.68713479914327
800,0.5,"StochOptForest
(apx-soln)",no,4.873288027043782
800,0.5,"StochOptForest
(apx-soln)",no,4.474034178469769
800,0.5,"StochOptForest
(apx-soln)",no,4.393787734695054
800,0.5,"StochOptForest
(apx-soln)",no,4.722767795584625
800,0.5,"StochOptForest
(apx-soln)",no,4.929545887445161
800,0.5,"StochOptForest
(apx-soln)",no,4.980709547448873
800,0.5,"StochOptForest
(apx-soln)",no,4.875183321426043
800,0.5,"StochOptForest
(apx-soln)",no,5.151225343697707
800,0.5,"StochOptForest
(apx-soln)",no,4.865376524222478
800,0.5,"StochOptForest
(apx-soln)",no,4.82388189088644
800,0.5,"StochOptForest
(apx-soln)",no,4.8181480173299995
800,0.5,"StochOptForest
(apx-soln)",no,5.155885239591225
800,0.5,"StochOptForest
(apx-soln)",no,4.66815476868546
800,0.5,"StochOptForest
(apx-soln)",no,4.665228471220145
800,0.5,"StochOptForest
(apx-soln)",no,4.796498941068747
800,0.5,"StochOptForest
(apx-soln)",no,4.4610509979528095
800,0.5,"StochOptForest
(apx-soln)",no,4.80399289966811
800,0.5,"StochOptForest
(apx-soln)",no,4.882193399447937
800,0.5,"StochOptForest
(apx-soln)",no,4.965700522965957
800,0.5,"StochOptForest
(apx-soln)",no,4.623468766597465
800,0.5,"StochOptForest
(apx-soln)",no,5.1802199079765305
800,0.5,"StochOptForest
(apx-soln)",no,4.461918570257536
800,0.5,"StochOptForest
(apx-soln)",no,5.0207387181542495
800,0.5,"StochOptForest
(apx-soln)",no,4.621868443507464
800,0.5,"StochOptForest
(apx-soln)",no,4.419126222848938
800,0.5,"StochOptForest
(apx-soln)",no,4.930933477941871
800,0.5,"StochOptForest
(apx-soln)",no,5.276039783984882
800,0.5,"StochOptForest
(apx-soln)",no,4.849331427043951
800,0.5,"StochOptForest
(apx-soln)",no,4.951692726775973
800,0.5,"StochOptForest
(apx-soln)",no,4.69321678291821
800,0.5,"StochOptForest
(apx-soln)",no,4.626287255164249
800,0.5,"StochOptForest
(apx-soln)",no,4.747043759536896
800,0.5,"StochOptForest
(apx-soln)",no,4.969445778426576
800,0.5,"StochOptForest
(apx-soln)",no,5.019825495095059
800,0.5,"StochOptForest
(apx-soln)",no,4.7520898523342
800,0.5,"StochOptForest
(apx-soln)",no,4.635946259704083
800,0.5,"StochOptForest
(apx-soln)",no,4.6156646437167845
800,0.5,"StochOptForest
(apx-soln)",no,4.814209991461156
800,0.5,"StochOptForest
(apx-soln)",no,5.037590292034354
800,0.5,"StochOptForest
(apx-soln)",no,4.820546783123696
800,0.5,"StochOptForest
(apx-soln)",no,4.4201144959186
800,0.5,"StochOptForest
(apx-soln)",no,4.427789234048093
800,0.5,"StochOptForest
(apx-soln)",no,4.738059133863595
800,0.5,"StochOptForest
(apx-soln)",no,4.97736122975213
800,0.5,"StochOptForest
(apx-soln)",no,4.884594355879263
800,0.5,"StochOptForest
(apx-soln)",no,4.986434841405773
800,0.5,"StochOptForest
(apx-soln)",no,4.7890104309677195
800,0.5,"StochOptForest
(apx-risk)",yes,2.8625601884403444
800,0.5,"StochOptForest
(apx-risk)",yes,3.389500936779308
800,0.5,"StochOptForest
(apx-risk)",yes,2.912660715487529
800,0.5,"StochOptForest
(apx-risk)",yes,2.365269289982612
800,0.5,"StochOptForest
(apx-risk)",yes,2.4013764863884406
800,0.5,"StochOptForest
(apx-risk)",yes,3.301266852599142
800,0.5,"StochOptForest
(apx-risk)",yes,2.679622465222268
800,0.5,"StochOptForest
(apx-risk)",yes,3.8611855179330052
800,0.5,"StochOptForest
(apx-risk)",yes,3.4858338219063474
800,0.5,"StochOptForest
(apx-risk)",yes,3.237498281996656
800,0.5,"StochOptForest
(apx-risk)",yes,3.744076893443705
800,0.5,"StochOptForest
(apx-risk)",yes,2.653171889810261
800,0.5,"StochOptForest
(apx-risk)",yes,3.157445607263111
800,0.5,"StochOptForest
(apx-risk)",yes,3.003499681257013
800,0.5,"StochOptForest
(apx-risk)",yes,2.575901788821055
800,0.5,"StochOptForest
(apx-risk)",yes,3.36855452862963
800,0.5,"StochOptForest
(apx-risk)",yes,3.5398787291504714
800,0.5,"StochOptForest
(apx-risk)",yes,3.4738415440784682
800,0.5,"StochOptForest
(apx-risk)",yes,2.9214256333275115
800,0.5,"StochOptForest
(apx-risk)",yes,2.876184642546533
800,0.5,"StochOptForest
(apx-risk)",yes,2.3611686353033052
800,0.5,"StochOptForest
(apx-risk)",yes,2.8587563863034076
800,0.5,"StochOptForest
(apx-risk)",yes,4.081744290217138
800,0.5,"StochOptForest
(apx-risk)",yes,3.414905336226309
800,0.5,"StochOptForest
(apx-risk)",yes,2.2539629417961664
800,0.5,"StochOptForest
(apx-risk)",yes,1.872699595106279
800,0.5,"StochOptForest
(apx-risk)",yes,2.317952354789077
800,0.5,"StochOptForest
(apx-risk)",yes,2.701437976623922
800,0.5,"StochOptForest
(apx-risk)",yes,3.1247540274864583
800,0.5,"StochOptForest
(apx-risk)",yes,3.9544001885732087
800,0.5,"StochOptForest
(apx-risk)",yes,2.934328324457241
800,0.5,"StochOptForest
(apx-risk)",yes,2.211589814283508
800,0.5,"StochOptForest
(apx-risk)",yes,2.492213589684352
800,0.5,"StochOptForest
(apx-risk)",yes,2.36048450684518
800,0.5,"StochOptForest
(apx-risk)",yes,3.8756636589471465
800,0.5,"StochOptForest
(apx-risk)",yes,3.138086901190393
800,0.5,"StochOptForest
(apx-risk)",yes,3.7523878929125463
800,0.5,"StochOptForest
(apx-risk)",yes,2.747757527129329
800,0.5,"StochOptForest
(apx-risk)",yes,4.3450328012729145
800,0.5,"StochOptForest
(apx-risk)",yes,3.727224585830251
800,0.5,"StochOptForest
(apx-risk)",yes,4.613359384988154
800,0.5,"StochOptForest
(apx-risk)",yes,2.961707668947885
800,0.5,"StochOptForest
(apx-risk)",yes,3.514026183737652
800,0.5,"StochOptForest
(apx-risk)",yes,3.0399510866860675
800,0.5,"StochOptForest
(apx-risk)",yes,3.8244308712082873
800,0.5,"StochOptForest
(apx-risk)",yes,3.696820426418957
800,0.5,"StochOptForest
(apx-risk)",yes,4.011631372411566
800,0.5,"StochOptForest
(apx-risk)",yes,2.67556988643423
800,0.5,"StochOptForest
(apx-risk)",yes,2.478604776169459
800,0.5,"StochOptForest
(apx-risk)",yes,2.7599296685204684
800,0.5,"StochOptForest
(apx-risk)",no,3.4532507357277216
800,0.5,"StochOptForest
(apx-risk)",no,4.791392985376304
800,0.5,"StochOptForest
(apx-risk)",no,5.072299850555723
800,0.5,"StochOptForest
(apx-risk)",no,3.2348131025064157
800,0.5,"StochOptForest
(apx-risk)",no,3.3189739433978165
800,0.5,"StochOptForest
(apx-risk)",no,6.008527052359208
800,0.5,"StochOptForest
(apx-risk)",no,5.964507480439387
800,0.5,"StochOptForest
(apx-risk)",no,7.078305414484876
800,0.5,"StochOptForest
(apx-risk)",no,4.600244616751822
800,0.5,"StochOptForest
(apx-risk)",no,3.4651574517997896
800,0.5,"StochOptForest
(apx-risk)",no,5.211741726182654
800,0.5,"StochOptForest
(apx-risk)",no,4.415232218697329
800,0.5,"StochOptForest
(apx-risk)",no,5.722890542771955
800,0.5,"StochOptForest
(apx-risk)",no,3.92521902322816
800,0.5,"StochOptForest
(apx-risk)",no,4.119285527328236
800,0.5,"StochOptForest
(apx-risk)",no,4.324976930818004
800,0.5,"StochOptForest
(apx-risk)",no,6.113726569370394
800,0.5,"StochOptForest
(apx-risk)",no,4.503868862237827
800,0.5,"StochOptForest
(apx-risk)",no,6.999090976137828
800,0.5,"StochOptForest
(apx-risk)",no,6.155267652227816
800,0.5,"StochOptForest
(apx-risk)",no,3.33713509797593
800,0.5,"StochOptForest
(apx-risk)",no,4.25140030914601
800,0.5,"StochOptForest
(apx-risk)",no,5.065360936899761
800,0.5,"StochOptForest
(apx-risk)",no,5.618588472530016
800,0.5,"StochOptForest
(apx-risk)",no,3.177142632660397
800,0.5,"StochOptForest
(apx-risk)",no,2.4811395377475636
800,0.5,"StochOptForest
(apx-risk)",no,3.6997025902533074
800,0.5,"StochOptForest
(apx-risk)",no,4.740281994342144
800,0.5,"StochOptForest
(apx-risk)",no,5.052314393916312
800,0.5,"StochOptForest
(apx-risk)",no,5.219676418102102
800,0.5,"StochOptForest
(apx-risk)",no,4.36311187930689
800,0.5,"StochOptForest
(apx-risk)",no,3.5519759380722906
800,0.5,"StochOptForest
(apx-risk)",no,4.576760794033841
800,0.5,"StochOptForest
(apx-risk)",no,2.863434837861625
800,0.5,"StochOptForest
(apx-risk)",no,5.7399841169206125
800,0.5,"StochOptForest
(apx-risk)",no,5.060467436449781
800,0.5,"StochOptForest
(apx-risk)",no,8.156711336702417
800,0.5,"StochOptForest
(apx-risk)",no,3.580445160396062
800,0.5,"StochOptForest
(apx-risk)",no,7.553248041983896
800,0.5,"StochOptForest
(apx-risk)",no,4.927410546816894
800,0.5,"StochOptForest
(apx-risk)",no,11.154910137662455
800,0.5,"StochOptForest
(apx-risk)",no,3.4074707639737154
800,0.5,"StochOptForest
(apx-risk)",no,3.940600311686446
800,0.5,"StochOptForest
(apx-risk)",no,5.30509143824954
800,0.5,"StochOptForest
(apx-risk)",no,5.196760820436015
800,0.5,"StochOptForest
(apx-risk)",no,4.771855866924338
800,0.5,"StochOptForest
(apx-risk)",no,8.865833251894534
800,0.5,"StochOptForest
(apx-risk)",no,6.087336995147471
800,0.5,"StochOptForest
(apx-risk)",no,3.822166011038194
800,0.5,"StochOptForest
(apx-risk)",no,3.273832943130499
800,0.5,RandSplitForest,no,4.653881517213227
800,0.5,RandSplitForest,no,5.170043175396266
800,0.5,RandSplitForest,no,4.815622677422266
800,0.5,RandSplitForest,no,4.583954210200291
800,0.5,RandSplitForest,no,4.337876048250614
800,0.5,RandSplitForest,no,4.825167035606641
800,0.5,RandSplitForest,no,4.661578658885008
800,0.5,RandSplitForest,no,5.26647683076711
800,0.5,RandSplitForest,no,5.3636463537900765
800,0.5,RandSplitForest,no,4.8384624573377675
800,0.5,RandSplitForest,no,5.490327783372415
800,0.5,RandSplitForest,no,5.025957678429933
800,0.5,RandSplitForest,no,5.431508567094343
800,0.5,RandSplitForest,no,4.90995714263183
800,0.5,RandSplitForest,no,5.391492648563384
800,0.5,RandSplitForest,no,4.982483847458996
800,0.5,RandSplitForest,no,4.86420753347628
800,0.5,RandSplitForest,no,5.112054738120203
800,0.5,RandSplitForest,no,4.881957808785278
800,0.5,RandSplitForest,no,4.757840182970941
800,0.5,RandSplitForest,no,4.7425026943031385
800,0.5,RandSplitForest,no,5.078409037943764
800,0.5,RandSplitForest,no,4.972803654398677
800,0.5,RandSplitForest,no,5.351973906629191
800,0.5,RandSplitForest,no,4.273107330896732
800,0.5,RandSplitForest,no,4.692964801613309
800,0.5,RandSplitForest,no,4.585236627580352
800,0.5,RandSplitForest,no,4.4040717546039785
800,0.5,RandSplitForest,no,5.175678423914563
800,0.5,RandSplitForest,no,5.673383011449081
800,0.5,RandSplitForest,no,4.910429223000157
800,0.5,RandSplitForest,no,4.546055158289871
800,0.5,RandSplitForest,no,4.802528558982909
800,0.5,RandSplitForest,no,4.427233195431486
800,0.5,RandSplitForest,no,4.904145112483262
800,0.5,RandSplitForest,no,5.047120611232802
800,0.5,RandSplitForest,no,5.422162678424769
800,0.5,RandSplitForest,no,4.709873400828959
800,0.5,RandSplitForest,no,5.168741019967211
800,0.5,RandSplitForest,no,4.896749611735058
800,0.5,RandSplitForest,no,5.328573742532971
800,0.5,RandSplitForest,no,4.791694834235464
800,0.5,RandSplitForest,no,4.976005552861719
800,0.5,RandSplitForest,no,4.674719492391938
800,0.5,RandSplitForest,no,4.635992937838183
800,0.5,RandSplitForest,no,4.984939683180531
800,0.5,RandSplitForest,no,5.61797622793017
800,0.5,RandSplitForest,no,4.802523288594873
800,0.5,RandSplitForest,no,4.765050863648127
800,0.5,RandSplitForest,no,4.536249759827046
800,0.5,RandForest,no,6.9430589493530785
800,0.5,RandForest,no,10.290590036273024
800,0.5,RandForest,no,6.6723301883829915
800,0.5,RandForest,no,5.412111860662894
800,0.5,RandForest,no,5.848600596783323
800,0.5,RandForest,no,10.394813238030624
800,0.5,RandForest,no,6.594513304877522
800,0.5,RandForest,no,15.830530553674494
800,0.5,RandForest,no,6.789756550222737
800,0.5,RandForest,no,5.877875366976897
800,0.5,RandForest,no,9.341359456838951
800,0.5,RandForest,no,11.029185513092571
800,0.5,RandForest,no,9.753054078699227
800,0.5,RandForest,no,6.9052861112849
800,0.5,RandForest,no,9.238235774876554
800,0.5,RandForest,no,10.940629642164998
800,0.5,RandForest,no,9.50286424178121
800,0.5,RandForest,no,7.245131428850742
800,0.5,RandForest,no,8.994645408911854
800,0.5,RandForest,no,6.265314215401337
800,0.5,RandForest,no,6.43278943855727
800,0.5,RandForest,no,8.406142482910445
800,0.5,RandForest,no,8.788236815322886
800,0.5,RandForest,no,9.240654081355178
800,0.5,RandForest,no,5.328191300074448
800,0.5,RandForest,no,5.797536027950046
800,0.5,RandForest,no,5.938744781123324
800,0.5,RandForest,no,7.747686417942211
800,0.5,RandForest,no,21.11150551321427
800,0.5,RandForest,no,9.80011839705725
800,0.5,RandForest,no,9.317597855322653
800,0.5,RandForest,no,7.954387034308862
800,0.5,RandForest,no,7.4042405554257495
800,0.5,RandForest,no,5.195524863682721
800,0.5,RandForest,no,10.967873536473244
800,0.5,RandForest,no,11.794859465411863
800,0.5,RandForest,no,11.67701848715396
800,0.5,RandForest,no,5.967659687971664
800,0.5,RandForest,no,14.486396622611242
800,0.5,RandForest,no,8.026017634808165
800,0.5,RandForest,no,7.747273150100258
800,0.5,RandForest,no,7.175578549462682
800,0.5,RandForest,no,6.536825425173214
800,0.5,RandForest,no,14.828172914995884
800,0.5,RandForest,no,8.246411222631274
800,0.5,RandForest,no,6.814466577579393
800,0.5,RandForest,no,12.485318528726788
800,0.5,RandForest,no,7.536532664366053
800,0.5,RandForest,no,5.949770407328908
800,0.5,RandForest,no,7.195717084728792
