n,R,Method,Constraint,rel_risk
100,0.1,"StochOptForest
(apx-soln)",yes,3.2039475472797863
100,0.1,"StochOptForest
(apx-soln)",yes,2.7496906297558907
100,0.1,"StochOptForest
(apx-soln)",yes,2.2633161393025523
100,0.1,"StochOptForest
(apx-soln)",yes,3.4397533349048897
100,0.1,"StochOptForest
(apx-soln)",yes,1.8269159291941994
100,0.1,"StochOptForest
(apx-soln)",yes,1.981526978487765
100,0.1,"StochOptForest
(apx-soln)",yes,2.2459893638298767
100,0.1,"StochOptForest
(apx-soln)",yes,1.9839772112340537
100,0.1,"StochOptForest
(apx-soln)",yes,1.8071772133302793
100,0.1,"StochOptForest
(apx-soln)",yes,2.126955327918824
100,0.1,"StochOptForest
(apx-soln)",yes,1.9334367949398856
100,0.1,"StochOptForest
(apx-soln)",yes,1.8258017736243777
100,0.1,"StochOptForest
(apx-soln)",yes,1.8570689228181996
100,0.1,"StochOptForest
(apx-soln)",yes,1.7122548194496978
100,0.1,"StochOptForest
(apx-soln)",yes,2.1233047071085256
100,0.1,"StochOptForest
(apx-soln)",yes,2.2170780448629213
100,0.1,"StochOptForest
(apx-soln)",yes,2.6792336741202707
100,0.1,"StochOptForest
(apx-soln)",yes,2.7287725964867127
100,0.1,"StochOptForest
(apx-soln)",yes,1.9573633421195396
100,0.1,"StochOptForest
(apx-soln)",yes,1.533911132614575
100,0.1,"StochOptForest
(apx-soln)",yes,2.859731981807428
100,0.1,"StochOptForest
(apx-soln)",yes,1.4274111284001447
100,0.1,"StochOptForest
(apx-soln)",yes,2.157253548495812
100,0.1,"StochOptForest
(apx-soln)",yes,1.5470391721531789
100,0.1,"StochOptForest
(apx-soln)",yes,1.5992335901264152
100,0.1,"StochOptForest
(apx-soln)",yes,2.604250287297393
100,0.1,"StochOptForest
(apx-soln)",yes,2.1037004692573946
100,0.1,"StochOptForest
(apx-soln)",yes,2.4112169024829058
100,0.1,"StochOptForest
(apx-soln)",yes,1.7810409132554064
100,0.1,"StochOptForest
(apx-soln)",yes,1.8761911194767509
100,0.1,"StochOptForest
(apx-soln)",yes,1.4839845197913395
100,0.1,"StochOptForest
(apx-soln)",yes,1.9312379408294047
100,0.1,"StochOptForest
(apx-soln)",yes,2.034241066957313
100,0.1,"StochOptForest
(apx-soln)",yes,2.4058483834746642
100,0.1,"StochOptForest
(apx-soln)",yes,2.323535626517451
100,0.1,"StochOptForest
(apx-soln)",yes,1.715276051837419
100,0.1,"StochOptForest
(apx-soln)",yes,2.020920492584728
100,0.1,"StochOptForest
(apx-soln)",yes,2.5475542839798115
100,0.1,"StochOptForest
(apx-soln)",yes,1.8524417685804961
100,0.1,"StochOptForest
(apx-soln)",yes,1.8012170212307466
100,0.1,"StochOptForest
(apx-soln)",yes,1.9418909844279069
100,0.1,"StochOptForest
(apx-soln)",yes,1.3664560351558983
100,0.1,"StochOptForest
(apx-soln)",yes,1.448663148293034
100,0.1,"StochOptForest
(apx-soln)",yes,2.1042638109947016
100,0.1,"StochOptForest
(apx-soln)",yes,3.1659624047720216
100,0.1,"StochOptForest
(apx-soln)",yes,2.707248798106931
100,0.1,"StochOptForest
(apx-soln)",yes,2.317900602132831
100,0.1,"StochOptForest
(apx-soln)",yes,1.9070454682882771
100,0.1,"StochOptForest
(apx-soln)",yes,2.14912703525774
100,0.1,"StochOptForest
(apx-soln)",yes,2.0944908516737097
100,0.1,"StochOptForest
(apx-soln)",no,4.15888056176141
100,0.1,"StochOptForest
(apx-soln)",no,3.529049423954689
100,0.1,"StochOptForest
(apx-soln)",no,3.9854057256952546
100,0.1,"StochOptForest
(apx-soln)",no,4.317048981374418
100,0.1,"StochOptForest
(apx-soln)",no,2.2698135181026395
100,0.1,"StochOptForest
(apx-soln)",no,2.440197093164759
100,0.1,"StochOptForest
(apx-soln)",no,2.7378498739011192
100,0.1,"StochOptForest
(apx-soln)",no,2.559667870661993
100,0.1,"StochOptForest
(apx-soln)",no,3.216108607560878
100,0.1,"StochOptForest
(apx-soln)",no,2.5494375315596045
100,0.1,"StochOptForest
(apx-soln)",no,2.1607608551811293
100,0.1,"StochOptForest
(apx-soln)",no,3.135369745545271
100,0.1,"StochOptForest
(apx-soln)",no,2.0974000034350087
100,0.1,"StochOptForest
(apx-soln)",no,2.381846291617637
100,0.1,"StochOptForest
(apx-soln)",no,2.7446859899698777
100,0.1,"StochOptForest
(apx-soln)",no,2.676604681465588
100,0.1,"StochOptForest
(apx-soln)",no,3.8087528787163927
100,0.1,"StochOptForest
(apx-soln)",no,2.949796089918538
100,0.1,"StochOptForest
(apx-soln)",no,2.674694391549129
100,0.1,"StochOptForest
(apx-soln)",no,2.7275315223130514
100,0.1,"StochOptForest
(apx-soln)",no,3.302379407310127
100,0.1,"StochOptForest
(apx-soln)",no,2.387703803786319
100,0.1,"StochOptForest
(apx-soln)",no,1.960407019525717
100,0.1,"StochOptForest
(apx-soln)",no,1.9886043922063958
100,0.1,"StochOptForest
(apx-soln)",no,1.8338808207639063
100,0.1,"StochOptForest
(apx-soln)",no,3.667982435325485
100,0.1,"StochOptForest
(apx-soln)",no,2.4380809914796946
100,0.1,"StochOptForest
(apx-soln)",no,3.5269385291572086
100,0.1,"StochOptForest
(apx-soln)",no,2.042090351632209
100,0.1,"StochOptForest
(apx-soln)",no,2.0098488994532473
100,0.1,"StochOptForest
(apx-soln)",no,1.7844314199562414
100,0.1,"StochOptForest
(apx-soln)",no,2.3345314607330594
100,0.1,"StochOptForest
(apx-soln)",no,2.276335230151559
100,0.1,"StochOptForest
(apx-soln)",no,2.7389264233259634
100,0.1,"StochOptForest
(apx-soln)",no,2.9668916936198495
100,0.1,"StochOptForest
(apx-soln)",no,2.2995528804703165
100,0.1,"StochOptForest
(apx-soln)",no,2.5282339140974517
100,0.1,"StochOptForest
(apx-soln)",no,2.874499814332045
100,0.1,"StochOptForest
(apx-soln)",no,2.330744705878724
100,0.1,"StochOptForest
(apx-soln)",no,2.027279639706969
100,0.1,"StochOptForest
(apx-soln)",no,1.9760957287095267
100,0.1,"StochOptForest
(apx-soln)",no,2.106260736732975
100,0.1,"StochOptForest
(apx-soln)",no,1.6850631939144067
100,0.1,"StochOptForest
(apx-soln)",no,2.2539251655796164
100,0.1,"StochOptForest
(apx-soln)",no,4.0734945014717345
100,0.1,"StochOptForest
(apx-soln)",no,3.2052856728034276
100,0.1,"StochOptForest
(apx-soln)",no,2.4007487405751653
100,0.1,"StochOptForest
(apx-soln)",no,2.4360440384560698
100,0.1,"StochOptForest
(apx-soln)",no,2.600176463528555
100,0.1,"StochOptForest
(apx-soln)",no,2.562108050816913
100,0.1,"StochOptForest
(apx-risk)",yes,2.8640099772661696
100,0.1,"StochOptForest
(apx-risk)",yes,2.521870704100483
100,0.1,"StochOptForest
(apx-risk)",yes,1.9278948054797678
100,0.1,"StochOptForest
(apx-risk)",yes,3.351915931145689
100,0.1,"StochOptForest
(apx-risk)",yes,1.7221603691994691
100,0.1,"StochOptForest
(apx-risk)",yes,1.76092259265381
100,0.1,"StochOptForest
(apx-risk)",yes,2.3177997030197255
100,0.1,"StochOptForest
(apx-risk)",yes,1.8616278165517435
100,0.1,"StochOptForest
(apx-risk)",yes,1.8028062877716737
100,0.1,"StochOptForest
(apx-risk)",yes,1.805996586152145
100,0.1,"StochOptForest
(apx-risk)",yes,1.8414862495285222
100,0.1,"StochOptForest
(apx-risk)",yes,1.9595147556769603
100,0.1,"StochOptForest
(apx-risk)",yes,1.915932232039844
100,0.1,"StochOptForest
(apx-risk)",yes,1.539951122191139
100,0.1,"StochOptForest
(apx-risk)",yes,2.1227647626197075
100,0.1,"StochOptForest
(apx-risk)",yes,2.2099087015669725
100,0.1,"StochOptForest
(apx-risk)",yes,2.781224228124423
100,0.1,"StochOptForest
(apx-risk)",yes,2.5207369023877932
100,0.1,"StochOptForest
(apx-risk)",yes,2.042153116790943
100,0.1,"StochOptForest
(apx-risk)",yes,1.4271349988906503
100,0.1,"StochOptForest
(apx-risk)",yes,2.6309352770351104
100,0.1,"StochOptForest
(apx-risk)",yes,1.51956422276683
100,0.1,"StochOptForest
(apx-risk)",yes,2.1241445566570505
100,0.1,"StochOptForest
(apx-risk)",yes,1.5403876625988806
100,0.1,"StochOptForest
(apx-risk)",yes,1.5693350168978695
100,0.1,"StochOptForest
(apx-risk)",yes,2.5964358971864083
100,0.1,"StochOptForest
(apx-risk)",yes,1.783180637905991
100,0.1,"StochOptForest
(apx-risk)",yes,2.7329412297104323
100,0.1,"StochOptForest
(apx-risk)",yes,1.6576829572093799
100,0.1,"StochOptForest
(apx-risk)",yes,1.9082971424262918
100,0.1,"StochOptForest
(apx-risk)",yes,1.3444206455293568
100,0.1,"StochOptForest
(apx-risk)",yes,1.883583900093023
100,0.1,"StochOptForest
(apx-risk)",yes,2.0610318047266927
100,0.1,"StochOptForest
(apx-risk)",yes,2.3184622627435436
100,0.1,"StochOptForest
(apx-risk)",yes,2.2822403913156073
100,0.1,"StochOptForest
(apx-risk)",yes,1.6436485956843516
100,0.1,"StochOptForest
(apx-risk)",yes,1.689099686490849
100,0.1,"StochOptForest
(apx-risk)",yes,2.3596251639774577
100,0.1,"StochOptForest
(apx-risk)",yes,1.9136619632400074
100,0.1,"StochOptForest
(apx-risk)",yes,1.623472159608121
100,0.1,"StochOptForest
(apx-risk)",yes,1.8652191292080644
100,0.1,"StochOptForest
(apx-risk)",yes,1.409806239074719
100,0.1,"StochOptForest
(apx-risk)",yes,1.4721662759182996
100,0.1,"StochOptForest
(apx-risk)",yes,2.0634990239034554
100,0.1,"StochOptForest
(apx-risk)",yes,3.315304328419941
100,0.1,"StochOptForest
(apx-risk)",yes,2.13017359931668
100,0.1,"StochOptForest
(apx-risk)",yes,2.1532750185862115
100,0.1,"StochOptForest
(apx-risk)",yes,2.125009157875665
100,0.1,"StochOptForest
(apx-risk)",yes,1.8826440341157107
100,0.1,"StochOptForest
(apx-risk)",yes,2.1741661004890176
100,0.1,"StochOptForest
(apx-risk)",no,2.290491037325624
100,0.1,"StochOptForest
(apx-risk)",no,2.1186255904979983
100,0.1,"StochOptForest
(apx-risk)",no,1.9706038902826628
100,0.1,"StochOptForest
(apx-risk)",no,2.6776264942414474
100,0.1,"StochOptForest
(apx-risk)",no,1.58294024655809
100,0.1,"StochOptForest
(apx-risk)",no,1.8483005581079806
100,0.1,"StochOptForest
(apx-risk)",no,2.0566979955086064
100,0.1,"StochOptForest
(apx-risk)",no,1.6640318510744179
100,0.1,"StochOptForest
(apx-risk)",no,1.720153927215667
100,0.1,"StochOptForest
(apx-risk)",no,2.0044089945475294
100,0.1,"StochOptForest
(apx-risk)",no,1.6705063572944618
100,0.1,"StochOptForest
(apx-risk)",no,1.4365305167028772
100,0.1,"StochOptForest
(apx-risk)",no,1.6873400991586296
100,0.1,"StochOptForest
(apx-risk)",no,1.5729921263099398
100,0.1,"StochOptForest
(apx-risk)",no,1.9226705735148968
100,0.1,"StochOptForest
(apx-risk)",no,2.1274236254914114
100,0.1,"StochOptForest
(apx-risk)",no,2.7442333200580933
100,0.1,"StochOptForest
(apx-risk)",no,2.245671264694562
100,0.1,"StochOptForest
(apx-risk)",no,1.8735700256259096
100,0.1,"StochOptForest
(apx-risk)",no,1.4433120327550546
100,0.1,"StochOptForest
(apx-risk)",no,2.521713144216827
100,0.1,"StochOptForest
(apx-risk)",no,1.562030902674966
100,0.1,"StochOptForest
(apx-risk)",no,1.5316071736590136
100,0.1,"StochOptForest
(apx-risk)",no,1.4538828302646614
100,0.1,"StochOptForest
(apx-risk)",no,1.716646588347061
100,0.1,"StochOptForest
(apx-risk)",no,2.7060104211406024
100,0.1,"StochOptForest
(apx-risk)",no,1.9944661579968728
100,0.1,"StochOptForest
(apx-risk)",no,2.8898336556790682
100,0.1,"StochOptForest
(apx-risk)",no,1.6078721566847083
100,0.1,"StochOptForest
(apx-risk)",no,1.825804913048366
100,0.1,"StochOptForest
(apx-risk)",no,1.3794978046755317
100,0.1,"StochOptForest
(apx-risk)",no,1.926981501319546
100,0.1,"StochOptForest
(apx-risk)",no,1.7488937375782558
100,0.1,"StochOptForest
(apx-risk)",no,1.9737652711556377
100,0.1,"StochOptForest
(apx-risk)",no,2.242647172744731
100,0.1,"StochOptForest
(apx-risk)",no,1.6450470949563893
100,0.1,"StochOptForest
(apx-risk)",no,1.9804835746042426
100,0.1,"StochOptForest
(apx-risk)",no,2.33731474299451
100,0.1,"StochOptForest
(apx-risk)",no,1.520438329892074
100,0.1,"StochOptForest
(apx-risk)",no,1.620419788829188
100,0.1,"StochOptForest
(apx-risk)",no,1.803214333999208
100,0.1,"StochOptForest
(apx-risk)",no,1.5671143091251802
100,0.1,"StochOptForest
(apx-risk)",no,1.4760365312682473
100,0.1,"StochOptForest
(apx-risk)",no,1.8387236418427215
100,0.1,"StochOptForest
(apx-risk)",no,2.54925879872005
100,0.1,"StochOptForest
(apx-risk)",no,1.9349898001322132
100,0.1,"StochOptForest
(apx-risk)",no,2.2212124843548007
100,0.1,"StochOptForest
(apx-risk)",no,2.358668178279459
100,0.1,"StochOptForest
(apx-risk)",no,2.0267739154850446
100,0.1,"StochOptForest
(apx-risk)",no,2.132146920947886
100,0.1,RandSplitForest,no,3.9684695534472123
100,0.1,RandSplitForest,no,3.592596616861317
100,0.1,RandSplitForest,no,3.6874955111581094
100,0.1,RandSplitForest,no,4.268415366835982
100,0.1,RandSplitForest,no,2.199266542792617
100,0.1,RandSplitForest,no,2.3746591380121367
100,0.1,RandSplitForest,no,2.5063782883525043
100,0.1,RandSplitForest,no,2.5550589647955433
100,0.1,RandSplitForest,no,3.140127645846179
100,0.1,RandSplitForest,no,2.47765353489472
100,0.1,RandSplitForest,no,2.0979109915986442
100,0.1,RandSplitForest,no,2.9712115312050966
100,0.1,RandSplitForest,no,2.100948985205168
100,0.1,RandSplitForest,no,2.4018469519563515
100,0.1,RandSplitForest,no,2.792468803269195
100,0.1,RandSplitForest,no,2.5406319705209746
100,0.1,RandSplitForest,no,3.394806807057817
100,0.1,RandSplitForest,no,2.916372925189509
100,0.1,RandSplitForest,no,2.4926843834737316
100,0.1,RandSplitForest,no,2.561592954415201
100,0.1,RandSplitForest,no,3.2804542071565854
100,0.1,RandSplitForest,no,2.266731036957707
100,0.1,RandSplitForest,no,1.812619129831318
100,0.1,RandSplitForest,no,1.931671514751527
100,0.1,RandSplitForest,no,1.8466824164965898
100,0.1,RandSplitForest,no,3.462005040707072
100,0.1,RandSplitForest,no,2.453021910542863
100,0.1,RandSplitForest,no,3.446316553231889
100,0.1,RandSplitForest,no,1.947126486129425
100,0.1,RandSplitForest,no,2.0219765625106194
100,0.1,RandSplitForest,no,1.7490850406267948
100,0.1,RandSplitForest,no,2.312187512510552
100,0.1,RandSplitForest,no,2.0582636536390613
100,0.1,RandSplitForest,no,2.7022114295311384
100,0.1,RandSplitForest,no,2.7332583673280557
100,0.1,RandSplitForest,no,2.279175020497974
100,0.1,RandSplitForest,no,2.45971271567903
100,0.1,RandSplitForest,no,2.8327674117095465
100,0.1,RandSplitForest,no,2.1355261656036033
100,0.1,RandSplitForest,no,2.028329686977538
100,0.1,RandSplitForest,no,1.9859817832660676
100,0.1,RandSplitForest,no,2.0431437605753784
100,0.1,RandSplitForest,no,1.7120253603444777
100,0.1,RandSplitForest,no,2.1857675491735473
100,0.1,RandSplitForest,no,3.969137260076
100,0.1,RandSplitForest,no,3.1476988864693145
100,0.1,RandSplitForest,no,2.4010026275465717
100,0.1,RandSplitForest,no,2.417508055985105
100,0.1,RandSplitForest,no,2.5544486772869006
100,0.1,RandSplitForest,no,2.5875057428212314
100,0.1,RandForest,no,3.7107980513766385
100,0.1,RandForest,no,3.3715469709961625
100,0.1,RandForest,no,2.468858720778325
100,0.1,RandForest,no,3.446318192653114
100,0.1,RandForest,no,1.8030406867604807
100,0.1,RandForest,no,2.0951844528030747
100,0.1,RandForest,no,2.145514173290567
100,0.1,RandForest,no,1.943621473394632
100,0.1,RandForest,no,1.5793803405569684
100,0.1,RandForest,no,2.0538227652772734
100,0.1,RandForest,no,1.9530301378383716
100,0.1,RandForest,no,2.171102428659298
100,0.1,RandForest,no,2.0907660334645257
100,0.1,RandForest,no,2.388910859063189
100,0.1,RandForest,no,2.0265964609648943
100,0.1,RandForest,no,2.9275777744394067
100,0.1,RandForest,no,2.8770433442209997
100,0.1,RandForest,no,2.3514474582463514
100,0.1,RandForest,no,2.250903959794426
100,0.1,RandForest,no,2.2911927434896513
100,0.1,RandForest,no,3.0397830771743157
100,0.1,RandForest,no,1.6391383258925096
100,0.1,RandForest,no,1.8220069342234084
100,0.1,RandForest,no,1.2836262235243756
100,0.1,RandForest,no,1.9082676234758018
100,0.1,RandForest,no,3.1455268508277077
100,0.1,RandForest,no,2.551858123799805
100,0.1,RandForest,no,2.541834796238254
100,0.1,RandForest,no,1.8931432590941333
100,0.1,RandForest,no,1.996287874470476
100,0.1,RandForest,no,1.6723697366256163
100,0.1,RandForest,no,1.937222749822313
100,0.1,RandForest,no,2.7444079242400052
100,0.1,RandForest,no,2.596588896156988
100,0.1,RandForest,no,2.1784871905651135
100,0.1,RandForest,no,1.9826087735525735
100,0.1,RandForest,no,2.9611941986974735
100,0.1,RandForest,no,2.525855590023993
100,0.1,RandForest,no,1.596732654964681
100,0.1,RandForest,no,2.021877348220206
100,0.1,RandForest,no,2.0584576643030346
100,0.1,RandForest,no,2.0569454340336577
100,0.1,RandForest,no,1.6214685860252458
100,0.1,RandForest,no,1.9982516615414927
100,0.1,RandForest,no,3.728085076072838
100,0.1,RandForest,no,2.4736278769180173
100,0.1,RandForest,no,2.351902563499115
100,0.1,RandForest,no,2.6051534237660996
100,0.1,RandForest,no,2.24140230333791
100,0.1,RandForest,no,2.442066421144331
100,0.1,"StochOptForest
(oracle)",yes,1.7080405458685843
100,0.1,"StochOptForest
(oracle)",yes,2.646693426261898
100,0.1,"StochOptForest
(oracle)",yes,2.701751508670552
100,0.1,"StochOptForest
(oracle)",yes,3.1799989193987463
100,0.1,"StochOptForest
(oracle)",yes,1.7134603210720951
100,0.1,"StochOptForest
(oracle)",yes,1.4524056002136343
100,0.1,"StochOptForest
(oracle)",yes,2.5505301888801224
100,0.1,"StochOptForest
(oracle)",yes,1.6445884759037372
100,0.1,"StochOptForest
(oracle)",yes,1.93741099721091
100,0.1,"StochOptForest
(oracle)",yes,1.7836371466277547
100,0.1,"StochOptForest
(oracle)",yes,1.764095015907739
100,0.1,"StochOptForest
(oracle)",yes,1.496382248361266
100,0.1,"StochOptForest
(oracle)",yes,1.6008125613008533
100,0.1,"StochOptForest
(oracle)",yes,1.4873281629079642
100,0.1,"StochOptForest
(oracle)",yes,2.2706307864751873
100,0.1,"StochOptForest
(oracle)",yes,2.0460687333716
100,0.1,"StochOptForest
(oracle)",yes,2.7807453550688477
100,0.1,"StochOptForest
(oracle)",yes,2.3917015328655564
100,0.1,"StochOptForest
(oracle)",yes,1.9752890349628203
100,0.1,"StochOptForest
(oracle)",yes,1.4288595157721735
100,0.1,"StochOptForest
(oracle)",yes,2.60950742197036
100,0.1,"StochOptForest
(oracle)",yes,1.3944519573895826
100,0.1,"StochOptForest
(oracle)",yes,2.2261548718479354
100,0.1,"StochOptForest
(oracle)",yes,1.600161677226268
100,0.1,"StochOptForest
(oracle)",yes,1.5344308791574535
100,0.1,"StochOptForest
(oracle)",yes,2.9501038420245087
100,0.1,"StochOptForest
(oracle)",yes,1.8880370101899049
100,0.1,"StochOptForest
(oracle)",yes,3.0767067753544737
100,0.1,"StochOptForest
(oracle)",yes,1.6413828054062076
100,0.1,"StochOptForest
(oracle)",yes,1.8221289705958035
100,0.1,"StochOptForest
(oracle)",yes,1.3525675706997755
100,0.1,"StochOptForest
(oracle)",yes,1.6907823865617626
100,0.1,"StochOptForest
(oracle)",yes,2.2700198407439904
100,0.1,"StochOptForest
(oracle)",yes,2.3679915302486623
100,0.1,"StochOptForest
(oracle)",yes,2.274347627428292
100,0.1,"StochOptForest
(oracle)",yes,1.3984348319279025
100,0.1,"StochOptForest
(oracle)",yes,1.699065708802258
100,0.1,"StochOptForest
(oracle)",yes,2.4933012587021546
100,0.1,"StochOptForest
(oracle)",yes,1.80529334159833
100,0.1,"StochOptForest
(oracle)",yes,1.4317994851354796
100,0.1,"StochOptForest
(oracle)",yes,1.7055172522238935
100,0.1,"StochOptForest
(oracle)",yes,1.2485256565474132
100,0.1,"StochOptForest
(oracle)",yes,1.474265760478955
100,0.1,"StochOptForest
(oracle)",yes,1.9952278865413102
100,0.1,"StochOptForest
(oracle)",yes,2.569011786823838
100,0.1,"StochOptForest
(oracle)",yes,2.44021675361102
100,0.1,"StochOptForest
(oracle)",yes,2.084511691730223
100,0.1,"StochOptForest
(oracle)",yes,1.6156732929775943
100,0.1,"StochOptForest
(oracle)",yes,2.1401960215931743
100,0.1,"StochOptForest
(oracle)",yes,1.8914330990705126
200,0.1,"StochOptForest
(apx-soln)",yes,1.9944419252629144
200,0.1,"StochOptForest
(apx-soln)",yes,1.9227091861014525
200,0.1,"StochOptForest
(apx-soln)",yes,1.518775113881987
200,0.1,"StochOptForest
(apx-soln)",yes,2.376826456084977
200,0.1,"StochOptForest
(apx-soln)",yes,1.39400248046397
200,0.1,"StochOptForest
(apx-soln)",yes,1.6219540465341442
200,0.1,"StochOptForest
(apx-soln)",yes,1.8278101400774283
200,0.1,"StochOptForest
(apx-soln)",yes,1.4639338841394627
200,0.1,"StochOptForest
(apx-soln)",yes,1.8073403380122754
200,0.1,"StochOptForest
(apx-soln)",yes,1.6021427876801901
200,0.1,"StochOptForest
(apx-soln)",yes,2.0185276758353545
200,0.1,"StochOptForest
(apx-soln)",yes,1.4379238842893427
200,0.1,"StochOptForest
(apx-soln)",yes,2.1827584329788694
200,0.1,"StochOptForest
(apx-soln)",yes,1.077754969455081
200,0.1,"StochOptForest
(apx-soln)",yes,1.5805497525239824
200,0.1,"StochOptForest
(apx-soln)",yes,1.907848187340279
200,0.1,"StochOptForest
(apx-soln)",yes,1.8596963275558966
200,0.1,"StochOptForest
(apx-soln)",yes,1.739643036079385
200,0.1,"StochOptForest
(apx-soln)",yes,1.545544543398155
200,0.1,"StochOptForest
(apx-soln)",yes,2.3542450171295846
200,0.1,"StochOptForest
(apx-soln)",yes,1.6844495774851518
200,0.1,"StochOptForest
(apx-soln)",yes,1.590705589988938
200,0.1,"StochOptForest
(apx-soln)",yes,1.8631146725981602
200,0.1,"StochOptForest
(apx-soln)",yes,1.5097411731173378
200,0.1,"StochOptForest
(apx-soln)",yes,2.180368928710549
200,0.1,"StochOptForest
(apx-soln)",yes,1.85549903016282
200,0.1,"StochOptForest
(apx-soln)",yes,1.9149905088349788
200,0.1,"StochOptForest
(apx-soln)",yes,2.0185175515409064
200,0.1,"StochOptForest
(apx-soln)",yes,1.4155237538347505
200,0.1,"StochOptForest
(apx-soln)",yes,1.8373300309532947
200,0.1,"StochOptForest
(apx-soln)",yes,1.508703675596248
200,0.1,"StochOptForest
(apx-soln)",yes,1.9659927239112986
200,0.1,"StochOptForest
(apx-soln)",yes,1.7188652395780297
200,0.1,"StochOptForest
(apx-soln)",yes,1.292231246773266
200,0.1,"StochOptForest
(apx-soln)",yes,1.7216179727713377
200,0.1,"StochOptForest
(apx-soln)",yes,1.2634665926118942
200,0.1,"StochOptForest
(apx-soln)",yes,1.8975661403318105
200,0.1,"StochOptForest
(apx-soln)",yes,1.9887483718852639
200,0.1,"StochOptForest
(apx-soln)",yes,1.7540177093379776
200,0.1,"StochOptForest
(apx-soln)",yes,1.4433978153525464
200,0.1,"StochOptForest
(apx-soln)",yes,1.1822431420595134
200,0.1,"StochOptForest
(apx-soln)",yes,1.7217014907560717
200,0.1,"StochOptForest
(apx-soln)",yes,1.4932657442166217
200,0.1,"StochOptForest
(apx-soln)",yes,1.2619663433813468
200,0.1,"StochOptForest
(apx-soln)",yes,1.959581023191083
200,0.1,"StochOptForest
(apx-soln)",yes,2.1355706002132075
200,0.1,"StochOptForest
(apx-soln)",yes,1.8063913995333771
200,0.1,"StochOptForest
(apx-soln)",yes,2.1145717983914643
200,0.1,"StochOptForest
(apx-soln)",yes,2.1524078428945383
200,0.1,"StochOptForest
(apx-soln)",yes,1.4242796604570291
200,0.1,"StochOptForest
(apx-soln)",no,2.4522995548317383
200,0.1,"StochOptForest
(apx-soln)",no,3.560373335810823
200,0.1,"StochOptForest
(apx-soln)",no,1.9899097154141248
200,0.1,"StochOptForest
(apx-soln)",no,3.0411333798712485
200,0.1,"StochOptForest
(apx-soln)",no,2.4691516904051203
200,0.1,"StochOptForest
(apx-soln)",no,2.808077979526058
200,0.1,"StochOptForest
(apx-soln)",no,2.14022576323053
200,0.1,"StochOptForest
(apx-soln)",no,2.738538986754955
200,0.1,"StochOptForest
(apx-soln)",no,3.337809215567179
200,0.1,"StochOptForest
(apx-soln)",no,2.612240555588219
200,0.1,"StochOptForest
(apx-soln)",no,3.4703404911018203
200,0.1,"StochOptForest
(apx-soln)",no,2.1121814542428323
200,0.1,"StochOptForest
(apx-soln)",no,3.409310491627191
200,0.1,"StochOptForest
(apx-soln)",no,2.022024768888028
200,0.1,"StochOptForest
(apx-soln)",no,2.395051188438867
200,0.1,"StochOptForest
(apx-soln)",no,2.4770550085094807
200,0.1,"StochOptForest
(apx-soln)",no,3.793567072321214
200,0.1,"StochOptForest
(apx-soln)",no,2.646504464009399
200,0.1,"StochOptForest
(apx-soln)",no,2.771525075712825
200,0.1,"StochOptForest
(apx-soln)",no,3.8166279953594207
200,0.1,"StochOptForest
(apx-soln)",no,2.420461554016958
200,0.1,"StochOptForest
(apx-soln)",no,2.465119279685394
200,0.1,"StochOptForest
(apx-soln)",no,3.4340301156135684
200,0.1,"StochOptForest
(apx-soln)",no,2.231294120306913
200,0.1,"StochOptForest
(apx-soln)",no,3.3491136352711504
200,0.1,"StochOptForest
(apx-soln)",no,2.0388725622103916
200,0.1,"StochOptForest
(apx-soln)",no,2.604531850223555
200,0.1,"StochOptForest
(apx-soln)",no,2.45753940374165
200,0.1,"StochOptForest
(apx-soln)",no,2.910223091077089
200,0.1,"StochOptForest
(apx-soln)",no,2.1872780929633944
200,0.1,"StochOptForest
(apx-soln)",no,2.5947833611464532
200,0.1,"StochOptForest
(apx-soln)",no,2.7334733708526335
200,0.1,"StochOptForest
(apx-soln)",no,3.1779632980227674
200,0.1,"StochOptForest
(apx-soln)",no,2.0483242516356572
200,0.1,"StochOptForest
(apx-soln)",no,2.1809517347857397
200,0.1,"StochOptForest
(apx-soln)",no,2.0552859752320445
200,0.1,"StochOptForest
(apx-soln)",no,2.730207153947144
200,0.1,"StochOptForest
(apx-soln)",no,3.0794262518752924
200,0.1,"StochOptForest
(apx-soln)",no,2.661392328120945
200,0.1,"StochOptForest
(apx-soln)",no,2.4948443043670614
200,0.1,"StochOptForest
(apx-soln)",no,2.3085162169683184
200,0.1,"StochOptForest
(apx-soln)",no,2.2747838345117946
200,0.1,"StochOptForest
(apx-soln)",no,2.6305547999304832
200,0.1,"StochOptForest
(apx-soln)",no,2.338652352825886
200,0.1,"StochOptForest
(apx-soln)",no,2.808323242873441
200,0.1,"StochOptForest
(apx-soln)",no,2.8610062041989512
200,0.1,"StochOptForest
(apx-soln)",no,2.7432120262705424
200,0.1,"StochOptForest
(apx-soln)",no,4.370244078341464
200,0.1,"StochOptForest
(apx-soln)",no,2.811963397424743
200,0.1,"StochOptForest
(apx-soln)",no,2.915295247437342
200,0.1,"StochOptForest
(apx-risk)",yes,1.8542125249701724
200,0.1,"StochOptForest
(apx-risk)",yes,1.8316891354104723
200,0.1,"StochOptForest
(apx-risk)",yes,1.4744895171392876
200,0.1,"StochOptForest
(apx-risk)",yes,1.942794641456928
200,0.1,"StochOptForest
(apx-risk)",yes,1.2116232998035688
200,0.1,"StochOptForest
(apx-risk)",yes,1.5688128610424512
200,0.1,"StochOptForest
(apx-risk)",yes,1.4820465757008063
200,0.1,"StochOptForest
(apx-risk)",yes,1.3900118409830287
200,0.1,"StochOptForest
(apx-risk)",yes,1.6952297868461568
200,0.1,"StochOptForest
(apx-risk)",yes,1.7737627095903177
200,0.1,"StochOptForest
(apx-risk)",yes,1.7060607223012318
200,0.1,"StochOptForest
(apx-risk)",yes,1.4537386940224002
200,0.1,"StochOptForest
(apx-risk)",yes,2.10818383576113
200,0.1,"StochOptForest
(apx-risk)",yes,1.0120456675994314
200,0.1,"StochOptForest
(apx-risk)",yes,1.419957554334122
200,0.1,"StochOptForest
(apx-risk)",yes,1.5230066483002371
200,0.1,"StochOptForest
(apx-risk)",yes,1.7544589689668146
200,0.1,"StochOptForest
(apx-risk)",yes,1.7693368085235437
200,0.1,"StochOptForest
(apx-risk)",yes,1.484373822639563
200,0.1,"StochOptForest
(apx-risk)",yes,2.472492935932122
200,0.1,"StochOptForest
(apx-risk)",yes,1.6524955615605952
200,0.1,"StochOptForest
(apx-risk)",yes,1.4653835390735415
200,0.1,"StochOptForest
(apx-risk)",yes,1.8276004986381225
200,0.1,"StochOptForest
(apx-risk)",yes,1.5812249805346033
200,0.1,"StochOptForest
(apx-risk)",yes,1.9618634942900393
200,0.1,"StochOptForest
(apx-risk)",yes,1.6346386406755347
200,0.1,"StochOptForest
(apx-risk)",yes,1.8444201464107433
200,0.1,"StochOptForest
(apx-risk)",yes,1.880544996119029
200,0.1,"StochOptForest
(apx-risk)",yes,1.770984776024026
200,0.1,"StochOptForest
(apx-risk)",yes,1.6145618246009292
200,0.1,"StochOptForest
(apx-risk)",yes,1.423115559571428
200,0.1,"StochOptForest
(apx-risk)",yes,1.718811690002934
200,0.1,"StochOptForest
(apx-risk)",yes,1.5138926471962295
200,0.1,"StochOptForest
(apx-risk)",yes,1.548602129410321
200,0.1,"StochOptForest
(apx-risk)",yes,1.5574524347932541
200,0.1,"StochOptForest
(apx-risk)",yes,1.2023783755194812
200,0.1,"StochOptForest
(apx-risk)",yes,1.694019949739439
200,0.1,"StochOptForest
(apx-risk)",yes,2.0580156249692423
200,0.1,"StochOptForest
(apx-risk)",yes,1.5271413526516666
200,0.1,"StochOptForest
(apx-risk)",yes,1.5931612802444135
200,0.1,"StochOptForest
(apx-risk)",yes,1.2728459143148871
200,0.1,"StochOptForest
(apx-risk)",yes,1.622696259188055
200,0.1,"StochOptForest
(apx-risk)",yes,1.4308000465328197
200,0.1,"StochOptForest
(apx-risk)",yes,1.2392720008578124
200,0.1,"StochOptForest
(apx-risk)",yes,1.672125775404242
200,0.1,"StochOptForest
(apx-risk)",yes,2.1194479882710118
200,0.1,"StochOptForest
(apx-risk)",yes,1.7323835014053328
200,0.1,"StochOptForest
(apx-risk)",yes,2.252283470979405
200,0.1,"StochOptForest
(apx-risk)",yes,1.9863403962577888
200,0.1,"StochOptForest
(apx-risk)",yes,1.4708468081789783
200,0.1,"StochOptForest
(apx-risk)",no,1.8454285628771456
200,0.1,"StochOptForest
(apx-risk)",no,1.4817192895426325
200,0.1,"StochOptForest
(apx-risk)",no,1.2208193593050285
200,0.1,"StochOptForest
(apx-risk)",no,1.9637556898493644
200,0.1,"StochOptForest
(apx-risk)",no,1.1844134786547782
200,0.1,"StochOptForest
(apx-risk)",no,1.597436793226852
200,0.1,"StochOptForest
(apx-risk)",no,1.8216240391143652
200,0.1,"StochOptForest
(apx-risk)",no,1.2764441142283953
200,0.1,"StochOptForest
(apx-risk)",no,1.5268984177378915
200,0.1,"StochOptForest
(apx-risk)",no,1.3172003776218968
200,0.1,"StochOptForest
(apx-risk)",no,1.480931363824615
200,0.1,"StochOptForest
(apx-risk)",no,1.3786388077935812
200,0.1,"StochOptForest
(apx-risk)",no,1.8292508812713453
200,0.1,"StochOptForest
(apx-risk)",no,1.065359322546799
200,0.1,"StochOptForest
(apx-risk)",no,1.298482002280991
200,0.1,"StochOptForest
(apx-risk)",no,1.5615195765711571
200,0.1,"StochOptForest
(apx-risk)",no,1.9579105514679023
200,0.1,"StochOptForest
(apx-risk)",no,1.558070279564092
200,0.1,"StochOptForest
(apx-risk)",no,1.34867513435295
200,0.1,"StochOptForest
(apx-risk)",no,2.2889599018420106
200,0.1,"StochOptForest
(apx-risk)",no,1.176083552154618
200,0.1,"StochOptForest
(apx-risk)",no,1.3941219709905388
200,0.1,"StochOptForest
(apx-risk)",no,1.437545116954953
200,0.1,"StochOptForest
(apx-risk)",no,1.4788497705013737
200,0.1,"StochOptForest
(apx-risk)",no,1.3488788108182541
200,0.1,"StochOptForest
(apx-risk)",no,1.5901315575460782
200,0.1,"StochOptForest
(apx-risk)",no,1.8385878053762257
200,0.1,"StochOptForest
(apx-risk)",no,1.7796510918662625
200,0.1,"StochOptForest
(apx-risk)",no,1.5752399049194477
200,0.1,"StochOptForest
(apx-risk)",no,1.6064823131407946
200,0.1,"StochOptForest
(apx-risk)",no,1.4163964453550275
200,0.1,"StochOptForest
(apx-risk)",no,1.7530255019268304
200,0.1,"StochOptForest
(apx-risk)",no,1.3570157492434856
200,0.1,"StochOptForest
(apx-risk)",no,1.5808181216562451
200,0.1,"StochOptForest
(apx-risk)",no,1.4663995868828654
200,0.1,"StochOptForest
(apx-risk)",no,1.2184525615185138
200,0.1,"StochOptForest
(apx-risk)",no,1.5011548161432113
200,0.1,"StochOptForest
(apx-risk)",no,1.7013398294490218
200,0.1,"StochOptForest
(apx-risk)",no,1.3378982340268022
200,0.1,"StochOptForest
(apx-risk)",no,1.5372165173844976
200,0.1,"StochOptForest
(apx-risk)",no,1.303146199301586
200,0.1,"StochOptForest
(apx-risk)",no,1.3717166725079348
200,0.1,"StochOptForest
(apx-risk)",no,1.0043328875960613
200,0.1,"StochOptForest
(apx-risk)",no,1.292045658956271
200,0.1,"StochOptForest
(apx-risk)",no,1.802455323114958
200,0.1,"StochOptForest
(apx-risk)",no,1.7234846848790326
200,0.1,"StochOptForest
(apx-risk)",no,1.5459637609809833
200,0.1,"StochOptForest
(apx-risk)",no,2.259977950878505
200,0.1,"StochOptForest
(apx-risk)",no,1.7933872536428113
200,0.1,"StochOptForest
(apx-risk)",no,1.5696567923015716
200,0.1,RandSplitForest,no,2.4741443214408467
200,0.1,RandSplitForest,no,3.4511485846101153
200,0.1,RandSplitForest,no,1.874476714072145
200,0.1,RandSplitForest,no,3.0749674954402506
200,0.1,RandSplitForest,no,2.477935762163271
200,0.1,RandSplitForest,no,2.666310227901176
200,0.1,RandSplitForest,no,2.033955604682842
200,0.1,RandSplitForest,no,2.646880791167804
200,0.1,RandSplitForest,no,2.872832109783602
200,0.1,RandSplitForest,no,2.389855202470824
200,0.1,RandSplitForest,no,3.37423897248403
200,0.1,RandSplitForest,no,2.018165665943814
200,0.1,RandSplitForest,no,3.231164137850399
200,0.1,RandSplitForest,no,1.8906099673135908
200,0.1,RandSplitForest,no,2.292092815623738
200,0.1,RandSplitForest,no,2.518089493351481
200,0.1,RandSplitForest,no,3.1109496483623924
200,0.1,RandSplitForest,no,2.662805534685875
200,0.1,RandSplitForest,no,2.488078933830643
200,0.1,RandSplitForest,no,3.7678898391090443
200,0.1,RandSplitForest,no,2.394430477398943
200,0.1,RandSplitForest,no,2.3901484876585344
200,0.1,RandSplitForest,no,3.086282918723135
200,0.1,RandSplitForest,no,2.216140325956101
200,0.1,RandSplitForest,no,3.2315724276436497
200,0.1,RandSplitForest,no,2.0096067813246994
200,0.1,RandSplitForest,no,2.5049105391738204
200,0.1,RandSplitForest,no,2.4099154034483665
200,0.1,RandSplitForest,no,2.374293765526405
200,0.1,RandSplitForest,no,2.1887024737924814
200,0.1,RandSplitForest,no,2.5183707420298638
200,0.1,RandSplitForest,no,2.669807876699965
200,0.1,RandSplitForest,no,2.916836356542755
200,0.1,RandSplitForest,no,1.9426083459294632
200,0.1,RandSplitForest,no,2.180814987163482
200,0.1,RandSplitForest,no,2.0045553147979343
200,0.1,RandSplitForest,no,2.6448851048245188
200,0.1,RandSplitForest,no,3.0064897025535346
200,0.1,RandSplitForest,no,2.3975509806127797
200,0.1,RandSplitForest,no,2.247951955820158
200,0.1,RandSplitForest,no,2.2414824871502597
200,0.1,RandSplitForest,no,2.348390320934675
200,0.1,RandSplitForest,no,2.6007755356957563
200,0.1,RandSplitForest,no,2.270520100665529
200,0.1,RandSplitForest,no,2.7383678300267005
200,0.1,RandSplitForest,no,2.8286239029521605
200,0.1,RandSplitForest,no,2.7232213119608804
200,0.1,RandSplitForest,no,3.7570278394870136
200,0.1,RandSplitForest,no,2.635113440008439
200,0.1,RandSplitForest,no,2.6125521505463336
200,0.1,RandForest,no,2.3944167386404898
200,0.1,RandForest,no,2.8134198779152944
200,0.1,RandForest,no,1.944369825527972
200,0.1,RandForest,no,2.7578051295950528
200,0.1,RandForest,no,2.1836915749591466
200,0.1,RandForest,no,1.8450720663817926
200,0.1,RandForest,no,4.143411579003894
200,0.1,RandForest,no,2.5113054150020218
200,0.1,RandForest,no,1.8651011423803998
200,0.1,RandForest,no,2.304276566492492
200,0.1,RandForest,no,2.122936825050851
200,0.1,RandForest,no,1.9401115402037208
200,0.1,RandForest,no,2.422708282617006
200,0.1,RandForest,no,1.6570142558252576
200,0.1,RandForest,no,1.773771487494423
200,0.1,RandForest,no,2.11302559688975
200,0.1,RandForest,no,5.489384923677773
200,0.1,RandForest,no,2.2253412753434145
200,0.1,RandForest,no,1.944602025469037
200,0.1,RandForest,no,3.386631346726409
200,0.1,RandForest,no,2.2536430395539377
200,0.1,RandForest,no,2.0136415758734625
200,0.1,RandForest,no,5.282432119147323
200,0.1,RandForest,no,2.0435657112923717
200,0.1,RandForest,no,2.5003441854398134
200,0.1,RandForest,no,2.6018313722362825
200,0.1,RandForest,no,2.1030765801923925
200,0.1,RandForest,no,2.157791968833611
200,0.1,RandForest,no,1.8961609856198258
200,0.1,RandForest,no,1.961244319930552
200,0.1,RandForest,no,2.209270108446814
200,0.1,RandForest,no,2.1659165367105606
200,0.1,RandForest,no,2.2973618739043355
200,0.1,RandForest,no,2.13097989579184
200,0.1,RandForest,no,1.9737863462394512
200,0.1,RandForest,no,1.8479020603222247
200,0.1,RandForest,no,2.3581802830400758
200,0.1,RandForest,no,2.8224882302776506
200,0.1,RandForest,no,1.6758841753127198
200,0.1,RandForest,no,2.3517724687598753
200,0.1,RandForest,no,1.7175377881638672
200,0.1,RandForest,no,2.1906931924888706
200,0.1,RandForest,no,3.2290997953840463
200,0.1,RandForest,no,2.138592153630619
200,0.1,RandForest,no,2.3352202278125738
200,0.1,RandForest,no,2.3325291660990968
200,0.1,RandForest,no,2.3517047597207195
200,0.1,RandForest,no,2.6799720824399604
200,0.1,RandForest,no,2.2493091774743452
200,0.1,RandForest,no,2.16224569422159
200,0.1,"StochOptForest
(oracle)",yes,1.7510297263221701
200,0.1,"StochOptForest
(oracle)",yes,1.6639463127198342
200,0.1,"StochOptForest
(oracle)",yes,1.4819431411527024
200,0.1,"StochOptForest
(oracle)",yes,1.8298581160654561
200,0.1,"StochOptForest
(oracle)",yes,1.1732716371724614
200,0.1,"StochOptForest
(oracle)",yes,1.339519670549703
200,0.1,"StochOptForest
(oracle)",yes,1.3826467466682624
200,0.1,"StochOptForest
(oracle)",yes,1.4210465745500196
200,0.1,"StochOptForest
(oracle)",yes,1.8855376883598896
200,0.1,"StochOptForest
(oracle)",yes,1.4246370649631133
200,0.1,"StochOptForest
(oracle)",yes,1.804764093928336
200,0.1,"StochOptForest
(oracle)",yes,1.5547548040609225
200,0.1,"StochOptForest
(oracle)",yes,2.029198888066303
200,0.1,"StochOptForest
(oracle)",yes,0.9733111967361042
200,0.1,"StochOptForest
(oracle)",yes,1.2318796727510093
200,0.1,"StochOptForest
(oracle)",yes,1.4670044252384136
200,0.1,"StochOptForest
(oracle)",yes,1.911457240380144
200,0.1,"StochOptForest
(oracle)",yes,1.4913433364031285
200,0.1,"StochOptForest
(oracle)",yes,1.2517429200973833
200,0.1,"StochOptForest
(oracle)",yes,2.4827078109608083
200,0.1,"StochOptForest
(oracle)",yes,1.328659528740034
200,0.1,"StochOptForest
(oracle)",yes,1.3911822989516043
200,0.1,"StochOptForest
(oracle)",yes,1.4763369558354824
200,0.1,"StochOptForest
(oracle)",yes,1.5103455295078558
200,0.1,"StochOptForest
(oracle)",yes,1.4009882358443522
200,0.1,"StochOptForest
(oracle)",yes,1.301788233524528
200,0.1,"StochOptForest
(oracle)",yes,1.9121475243434445
200,0.1,"StochOptForest
(oracle)",yes,1.5917270031672526
200,0.1,"StochOptForest
(oracle)",yes,1.5255521370901135
200,0.1,"StochOptForest
(oracle)",yes,1.6427288516000158
200,0.1,"StochOptForest
(oracle)",yes,1.4386776931297773
200,0.1,"StochOptForest
(oracle)",yes,1.7385741160052728
200,0.1,"StochOptForest
(oracle)",yes,1.3188996250210943
200,0.1,"StochOptForest
(oracle)",yes,1.648501174013053
200,0.1,"StochOptForest
(oracle)",yes,1.5784335540624215
200,0.1,"StochOptForest
(oracle)",yes,1.20111086191996
200,0.1,"StochOptForest
(oracle)",yes,1.4640398442375493
200,0.1,"StochOptForest
(oracle)",yes,1.5501454708625588
200,0.1,"StochOptForest
(oracle)",yes,1.368205644192533
200,0.1,"StochOptForest
(oracle)",yes,1.259468588735544
200,0.1,"StochOptForest
(oracle)",yes,1.1672121900461798
200,0.1,"StochOptForest
(oracle)",yes,1.3746382694401078
200,0.1,"StochOptForest
(oracle)",yes,1.4801853702211927
200,0.1,"StochOptForest
(oracle)",yes,1.173952796396747
200,0.1,"StochOptForest
(oracle)",yes,1.8173285007944457
200,0.1,"StochOptForest
(oracle)",yes,1.8232445467826186
200,0.1,"StochOptForest
(oracle)",yes,1.6581216459911603
200,0.1,"StochOptForest
(oracle)",yes,2.590829897013937
200,0.1,"StochOptForest
(oracle)",yes,1.779174218542556
200,0.1,"StochOptForest
(oracle)",yes,1.3402159998765977
400,0.1,"StochOptForest
(apx-soln)",yes,1.3872365187064364
400,0.1,"StochOptForest
(apx-soln)",yes,1.2965721115750233
400,0.1,"StochOptForest
(apx-soln)",yes,1.4632088395345348
400,0.1,"StochOptForest
(apx-soln)",yes,1.5805995455689572
400,0.1,"StochOptForest
(apx-soln)",yes,1.6865306415283259
400,0.1,"StochOptForest
(apx-soln)",yes,1.4113000540698744
400,0.1,"StochOptForest
(apx-soln)",yes,1.3321392485964656
400,0.1,"StochOptForest
(apx-soln)",yes,1.3009848462511286
400,0.1,"StochOptForest
(apx-soln)",yes,1.4184854375150047
400,0.1,"StochOptForest
(apx-soln)",yes,1.1300269806965773
400,0.1,"StochOptForest
(apx-soln)",yes,1.2748275711095862
400,0.1,"StochOptForest
(apx-soln)",yes,1.5227160457889874
400,0.1,"StochOptForest
(apx-soln)",yes,1.2360416557445078
400,0.1,"StochOptForest
(apx-soln)",yes,1.3265573303926765
400,0.1,"StochOptForest
(apx-soln)",yes,1.3426236991865257
400,0.1,"StochOptForest
(apx-soln)",yes,1.8428622698736996
400,0.1,"StochOptForest
(apx-soln)",yes,1.3423155661063717
400,0.1,"StochOptForest
(apx-soln)",yes,1.4377467912334647
400,0.1,"StochOptForest
(apx-soln)",yes,1.3767016573672417
400,0.1,"StochOptForest
(apx-soln)",yes,1.3320570244929508
400,0.1,"StochOptForest
(apx-soln)",yes,1.1118580740563853
400,0.1,"StochOptForest
(apx-soln)",yes,1.1298048177652025
400,0.1,"StochOptForest
(apx-soln)",yes,1.218848465706469
400,0.1,"StochOptForest
(apx-soln)",yes,1.4480205470712146
400,0.1,"StochOptForest
(apx-soln)",yes,1.1918442348137428
400,0.1,"StochOptForest
(apx-soln)",yes,1.3040030803544682
400,0.1,"StochOptForest
(apx-soln)",yes,1.5212400923073761
400,0.1,"StochOptForest
(apx-soln)",yes,1.5501649927216592
400,0.1,"StochOptForest
(apx-soln)",yes,1.3255968560728646
400,0.1,"StochOptForest
(apx-soln)",yes,1.2751530990578515
400,0.1,"StochOptForest
(apx-soln)",yes,1.2823719521840429
400,0.1,"StochOptForest
(apx-soln)",yes,1.2042341749240066
400,0.1,"StochOptForest
(apx-soln)",yes,1.6371920840852918
400,0.1,"StochOptForest
(apx-soln)",yes,1.2627315516020954
400,0.1,"StochOptForest
(apx-soln)",yes,1.3854667194815145
400,0.1,"StochOptForest
(apx-soln)",yes,1.2301194778934526
400,0.1,"StochOptForest
(apx-soln)",yes,1.3837622941624936
400,0.1,"StochOptForest
(apx-soln)",yes,1.3252440132362084
400,0.1,"StochOptForest
(apx-soln)",yes,1.260670183897603
400,0.1,"StochOptForest
(apx-soln)",yes,1.418136512764681
400,0.1,"StochOptForest
(apx-soln)",yes,1.26017779910909
400,0.1,"StochOptForest
(apx-soln)",yes,1.4129455247542713
400,0.1,"StochOptForest
(apx-soln)",yes,1.5536675673981135
400,0.1,"StochOptForest
(apx-soln)",yes,1.6863729644917946
400,0.1,"StochOptForest
(apx-soln)",yes,1.1902676008766213
400,0.1,"StochOptForest
(apx-soln)",yes,1.2855298253208336
400,0.1,"StochOptForest
(apx-soln)",yes,1.6122278537092638
400,0.1,"StochOptForest
(apx-soln)",yes,1.294659282031744
400,0.1,"StochOptForest
(apx-soln)",yes,1.371592413681977
400,0.1,"StochOptForest
(apx-soln)",yes,1.3705592204115336
400,0.1,"StochOptForest
(apx-soln)",no,3.36366219891858
400,0.1,"StochOptForest
(apx-soln)",no,2.4566529464034295
400,0.1,"StochOptForest
(apx-soln)",no,2.774013311631345
400,0.1,"StochOptForest
(apx-soln)",no,2.6893394105694726
400,0.1,"StochOptForest
(apx-soln)",no,2.8761336322991515
400,0.1,"StochOptForest
(apx-soln)",no,2.5415092996610387
400,0.1,"StochOptForest
(apx-soln)",no,3.191609477567953
400,0.1,"StochOptForest
(apx-soln)",no,2.5305422171324548
400,0.1,"StochOptForest
(apx-soln)",no,3.113817545568469
400,0.1,"StochOptForest
(apx-soln)",no,2.1026224980202484
400,0.1,"StochOptForest
(apx-soln)",no,3.642388000676923
400,0.1,"StochOptForest
(apx-soln)",no,3.2954230333729586
400,0.1,"StochOptForest
(apx-soln)",no,2.367746138347013
400,0.1,"StochOptForest
(apx-soln)",no,2.628153996954855
400,0.1,"StochOptForest
(apx-soln)",no,3.8971084866034555
400,0.1,"StochOptForest
(apx-soln)",no,3.3159417728723595
400,0.1,"StochOptForest
(apx-soln)",no,2.6066454140921875
400,0.1,"StochOptForest
(apx-soln)",no,2.689454105724907
400,0.1,"StochOptForest
(apx-soln)",no,2.8822793918341114
400,0.1,"StochOptForest
(apx-soln)",no,2.5660362695778813
400,0.1,"StochOptForest
(apx-soln)",no,2.320221119215177
400,0.1,"StochOptForest
(apx-soln)",no,2.1870809420936994
400,0.1,"StochOptForest
(apx-soln)",no,2.293908624496661
400,0.1,"StochOptForest
(apx-soln)",no,2.924790400447595
400,0.1,"StochOptForest
(apx-soln)",no,2.5958327025701227
400,0.1,"StochOptForest
(apx-soln)",no,2.178434671770801
400,0.1,"StochOptForest
(apx-soln)",no,3.034271962402197
400,0.1,"StochOptForest
(apx-soln)",no,3.0931757793923667
400,0.1,"StochOptForest
(apx-soln)",no,2.670726683903178
400,0.1,"StochOptForest
(apx-soln)",no,2.6349684798702584
400,0.1,"StochOptForest
(apx-soln)",no,2.5272868011555834
400,0.1,"StochOptForest
(apx-soln)",no,2.4367497419629514
400,0.1,"StochOptForest
(apx-soln)",no,2.743114351839429
400,0.1,"StochOptForest
(apx-soln)",no,2.078285060562157
400,0.1,"StochOptForest
(apx-soln)",no,2.798022093972334
400,0.1,"StochOptForest
(apx-soln)",no,2.3069578335224605
400,0.1,"StochOptForest
(apx-soln)",no,3.053135383435354
400,0.1,"StochOptForest
(apx-soln)",no,2.3959002182663314
400,0.1,"StochOptForest
(apx-soln)",no,2.5635234948314505
400,0.1,"StochOptForest
(apx-soln)",no,3.7356307623972844
400,0.1,"StochOptForest
(apx-soln)",no,2.5526777933089977
400,0.1,"StochOptForest
(apx-soln)",no,2.660186623332458
400,0.1,"StochOptForest
(apx-soln)",no,3.0839743337582406
400,0.1,"StochOptForest
(apx-soln)",no,3.0078622111473545
400,0.1,"StochOptForest
(apx-soln)",no,2.515652113240972
400,0.1,"StochOptForest
(apx-soln)",no,2.8794554346656085
400,0.1,"StochOptForest
(apx-soln)",no,2.618810816316348
400,0.1,"StochOptForest
(apx-soln)",no,2.3458912392686293
400,0.1,"StochOptForest
(apx-soln)",no,2.788889109749638
400,0.1,"StochOptForest
(apx-soln)",no,2.5029506428888992
400,0.1,"StochOptForest
(apx-risk)",yes,1.4405145767037986
400,0.1,"StochOptForest
(apx-risk)",yes,1.2545660205657252
400,0.1,"StochOptForest
(apx-risk)",yes,1.4358544446981092
400,0.1,"StochOptForest
(apx-risk)",yes,1.4232003069158048
400,0.1,"StochOptForest
(apx-risk)",yes,1.7641394277824058
400,0.1,"StochOptForest
(apx-risk)",yes,1.4153277952347325
400,0.1,"StochOptForest
(apx-risk)",yes,1.303962048741224
400,0.1,"StochOptForest
(apx-risk)",yes,1.3510812733058803
400,0.1,"StochOptForest
(apx-risk)",yes,1.4825723801779178
400,0.1,"StochOptForest
(apx-risk)",yes,1.1169555937247504
400,0.1,"StochOptForest
(apx-risk)",yes,1.3908338188265996
400,0.1,"StochOptForest
(apx-risk)",yes,1.4111831928201175
400,0.1,"StochOptForest
(apx-risk)",yes,1.2017516677545157
400,0.1,"StochOptForest
(apx-risk)",yes,1.3961516564739216
400,0.1,"StochOptForest
(apx-risk)",yes,1.2928895896435921
400,0.1,"StochOptForest
(apx-risk)",yes,1.6286093486660371
400,0.1,"StochOptForest
(apx-risk)",yes,1.419148082525389
400,0.1,"StochOptForest
(apx-risk)",yes,1.286280421231538
400,0.1,"StochOptForest
(apx-risk)",yes,1.2436783153341142
400,0.1,"StochOptForest
(apx-risk)",yes,1.5851794828317547
400,0.1,"StochOptForest
(apx-risk)",yes,1.082736283507302
400,0.1,"StochOptForest
(apx-risk)",yes,1.1385665649423786
400,0.1,"StochOptForest
(apx-risk)",yes,1.250340172645985
400,0.1,"StochOptForest
(apx-risk)",yes,1.2372472913178814
400,0.1,"StochOptForest
(apx-risk)",yes,1.1499175447244334
400,0.1,"StochOptForest
(apx-risk)",yes,1.2302417768735159
400,0.1,"StochOptForest
(apx-risk)",yes,1.4528974254217477
400,0.1,"StochOptForest
(apx-risk)",yes,1.6545713007613807
400,0.1,"StochOptForest
(apx-risk)",yes,1.2945246815428857
400,0.1,"StochOptForest
(apx-risk)",yes,1.3131138763979988
400,0.1,"StochOptForest
(apx-risk)",yes,1.188902358536029
400,0.1,"StochOptForest
(apx-risk)",yes,1.1910278550799558
400,0.1,"StochOptForest
(apx-risk)",yes,1.5673456077715908
400,0.1,"StochOptForest
(apx-risk)",yes,1.3044163092853134
400,0.1,"StochOptForest
(apx-risk)",yes,1.3455008523603367
400,0.1,"StochOptForest
(apx-risk)",yes,1.1501970195528806
400,0.1,"StochOptForest
(apx-risk)",yes,1.4193601795961475
400,0.1,"StochOptForest
(apx-risk)",yes,1.2297547831820212
400,0.1,"StochOptForest
(apx-risk)",yes,1.2021542218348098
400,0.1,"StochOptForest
(apx-risk)",yes,1.7117671890576982
400,0.1,"StochOptForest
(apx-risk)",yes,1.221535961794592
400,0.1,"StochOptForest
(apx-risk)",yes,1.3679334773251526
400,0.1,"StochOptForest
(apx-risk)",yes,1.3334412859420075
400,0.1,"StochOptForest
(apx-risk)",yes,1.3103312433953074
400,0.1,"StochOptForest
(apx-risk)",yes,1.2054431403573944
400,0.1,"StochOptForest
(apx-risk)",yes,1.3226359151868923
400,0.1,"StochOptForest
(apx-risk)",yes,1.4095565883487968
400,0.1,"StochOptForest
(apx-risk)",yes,3.2759642425276048
400,0.1,"StochOptForest
(apx-risk)",yes,1.3301172967453534
400,0.1,"StochOptForest
(apx-risk)",yes,1.3974689591765557
400,0.1,"StochOptForest
(apx-risk)",no,1.3244048931329002
400,0.1,"StochOptForest
(apx-risk)",no,1.166313760841889
400,0.1,"StochOptForest
(apx-risk)",no,1.3069430916061702
400,0.1,"StochOptForest
(apx-risk)",no,1.3651488991095555
400,0.1,"StochOptForest
(apx-risk)",no,1.57143977899734
400,0.1,"StochOptForest
(apx-risk)",no,1.3001729776909996
400,0.1,"StochOptForest
(apx-risk)",no,1.3936990494946913
400,0.1,"StochOptForest
(apx-risk)",no,1.4224244076583217
400,0.1,"StochOptForest
(apx-risk)",no,1.3249740093717792
400,0.1,"StochOptForest
(apx-risk)",no,1.140989810540563
400,0.1,"StochOptForest
(apx-risk)",no,1.300582424692832
400,0.1,"StochOptForest
(apx-risk)",no,1.146255580307342
400,0.1,"StochOptForest
(apx-risk)",no,1.2099236254197734
400,0.1,"StochOptForest
(apx-risk)",no,1.4528859560560154
400,0.1,"StochOptForest
(apx-risk)",no,1.2785170895171933
400,0.1,"StochOptForest
(apx-risk)",no,1.4481997974721728
400,0.1,"StochOptForest
(apx-risk)",no,1.3391686909927631
400,0.1,"StochOptForest
(apx-risk)",no,1.3455965684875448
400,0.1,"StochOptForest
(apx-risk)",no,1.225232826674612
400,0.1,"StochOptForest
(apx-risk)",no,2.7672443919121186
400,0.1,"StochOptForest
(apx-risk)",no,1.062138842846931
400,0.1,"StochOptForest
(apx-risk)",no,1.0981377905802086
400,0.1,"StochOptForest
(apx-risk)",no,1.3653567036168817
400,0.1,"StochOptForest
(apx-risk)",no,1.1521563616838206
400,0.1,"StochOptForest
(apx-risk)",no,1.1274487282689216
400,0.1,"StochOptForest
(apx-risk)",no,1.2830876212488382
400,0.1,"StochOptForest
(apx-risk)",no,1.3233602703691554
400,0.1,"StochOptForest
(apx-risk)",no,1.3887318594207163
400,0.1,"StochOptForest
(apx-risk)",no,1.2993019403397672
400,0.1,"StochOptForest
(apx-risk)",no,3.075246789543544
400,0.1,"StochOptForest
(apx-risk)",no,1.1294245081384469
400,0.1,"StochOptForest
(apx-risk)",no,1.8178756232616986
400,0.1,"StochOptForest
(apx-risk)",no,1.5670695409321627
400,0.1,"StochOptForest
(apx-risk)",no,1.2706618659056705
400,0.1,"StochOptForest
(apx-risk)",no,1.2590231979506743
400,0.1,"StochOptForest
(apx-risk)",no,1.1508250500296944
400,0.1,"StochOptForest
(apx-risk)",no,1.5872286737330277
400,0.1,"StochOptForest
(apx-risk)",no,1.1825625655956968
400,0.1,"StochOptForest
(apx-risk)",no,1.1642232513276198
400,0.1,"StochOptForest
(apx-risk)",no,1.718270661480659
400,0.1,"StochOptForest
(apx-risk)",no,1.274713488566258
400,0.1,"StochOptForest
(apx-risk)",no,1.2803968450449392
400,0.1,"StochOptForest
(apx-risk)",no,1.2895455397084647
400,0.1,"StochOptForest
(apx-risk)",no,1.2638392015186883
400,0.1,"StochOptForest
(apx-risk)",no,1.3112132421249192
400,0.1,"StochOptForest
(apx-risk)",no,1.2851901773315269
400,0.1,"StochOptForest
(apx-risk)",no,1.317616318551663
400,0.1,"StochOptForest
(apx-risk)",no,1.2542957730393298
400,0.1,"StochOptForest
(apx-risk)",no,1.1869582656416575
400,0.1,"StochOptForest
(apx-risk)",no,1.3781164179810559
400,0.1,RandSplitForest,no,3.1450049413703765
400,0.1,RandSplitForest,no,2.3625163987952384
400,0.1,RandSplitForest,no,2.681021453006736
400,0.1,RandSplitForest,no,2.5959279993224094
400,0.1,RandSplitForest,no,2.72418885880522
400,0.1,RandSplitForest,no,2.4240892644449787
400,0.1,RandSplitForest,no,2.6802996545805082
400,0.1,RandSplitForest,no,2.3729431780200647
400,0.1,RandSplitForest,no,3.0139877918396745
400,0.1,RandSplitForest,no,1.7732560723166997
400,0.1,RandSplitForest,no,3.491292737412035
400,0.1,RandSplitForest,no,3.139334635785245
400,0.1,RandSplitForest,no,2.241884198336197
400,0.1,RandSplitForest,no,2.5339612556529034
400,0.1,RandSplitForest,no,3.5906959510925556
400,0.1,RandSplitForest,no,3.1192593762621574
400,0.1,RandSplitForest,no,2.295455141424615
400,0.1,RandSplitForest,no,2.523053510786987
400,0.1,RandSplitForest,no,2.7012999579025916
400,0.1,RandSplitForest,no,2.3356426211764476
400,0.1,RandSplitForest,no,2.242418611026333
400,0.1,RandSplitForest,no,2.038666235797299
400,0.1,RandSplitForest,no,2.1263604166313845
400,0.1,RandSplitForest,no,2.7552781188515327
400,0.1,RandSplitForest,no,2.358794480368663
400,0.1,RandSplitForest,no,1.9851330603311856
400,0.1,RandSplitForest,no,2.753267560437396
400,0.1,RandSplitForest,no,2.8842394728272924
400,0.1,RandSplitForest,no,2.546573280379184
400,0.1,RandSplitForest,no,2.4505349271293615
400,0.1,RandSplitForest,no,2.3135920222535353
400,0.1,RandSplitForest,no,2.2417191087815618
400,0.1,RandSplitForest,no,2.5538596990657654
400,0.1,RandSplitForest,no,2.017733253410024
400,0.1,RandSplitForest,no,2.407105399972138
400,0.1,RandSplitForest,no,2.1876378051377543
400,0.1,RandSplitForest,no,2.8437219790411596
400,0.1,RandSplitForest,no,2.2829588407493917
400,0.1,RandSplitForest,no,2.2830970342215005
400,0.1,RandSplitForest,no,3.15180426802339
400,0.1,RandSplitForest,no,2.192226408925898
400,0.1,RandSplitForest,no,2.4291047219083053
400,0.1,RandSplitForest,no,2.8101696261594284
400,0.1,RandSplitForest,no,2.846154178643306
400,0.1,RandSplitForest,no,2.3300911262669217
400,0.1,RandSplitForest,no,2.684283379463637
400,0.1,RandSplitForest,no,2.431082618764616
400,0.1,RandSplitForest,no,2.1301917638101098
400,0.1,RandSplitForest,no,2.8104835126626417
400,0.1,RandSplitForest,no,2.4214582477235873
400,0.1,RandForest,no,2.5983173966928055
400,0.1,RandForest,no,1.6608123080822847
400,0.1,RandForest,no,2.084581403726564
400,0.1,RandForest,no,1.82644616800335
400,0.1,RandForest,no,2.1258707580693423
400,0.1,RandForest,no,1.8788912480307196
400,0.1,RandForest,no,2.050422123085594
400,0.1,RandForest,no,3.0051470564868685
400,0.1,RandForest,no,2.510180171642107
400,0.1,RandForest,no,1.814328050852288
400,0.1,RandForest,no,3.129046616751528
400,0.1,RandForest,no,2.21558859165725
400,0.1,RandForest,no,1.7783677853679931
400,0.1,RandForest,no,2.1320672660294573
400,0.1,RandForest,no,2.5036223660957386
400,0.1,RandForest,no,2.430251569720376
400,0.1,RandForest,no,1.6629994652459097
400,0.1,RandForest,no,3.089278801246316
400,0.1,RandForest,no,1.9638814147080574
400,0.1,RandForest,no,2.1577799889545837
400,0.1,RandForest,no,1.9830018965892175
400,0.1,RandForest,no,2.1224684907587164
400,0.1,RandForest,no,1.9744363298131038
400,0.1,RandForest,no,2.249429650437384
400,0.1,RandForest,no,6.190191361474103
400,0.1,RandForest,no,1.6947340902521415
400,0.1,RandForest,no,1.8717273150688298
400,0.1,RandForest,no,2.440304876317197
400,0.1,RandForest,no,2.1144193389732537
400,0.1,RandForest,no,1.885598129777133
400,0.1,RandForest,no,1.7817963693278744
400,0.1,RandForest,no,1.502233391931708
400,0.1,RandForest,no,1.9184428197398526
400,0.1,RandForest,no,1.717869699506607
400,0.1,RandForest,no,1.4393088463674508
400,0.1,RandForest,no,1.6919770976722321
400,0.1,RandForest,no,2.4000643872449
400,0.1,RandForest,no,1.8657263326682811
400,0.1,RandForest,no,1.7381847449307188
400,0.1,RandForest,no,3.355698427086545
400,0.1,RandForest,no,1.6774272623460151
400,0.1,RandForest,no,1.8327164760845922
400,0.1,RandForest,no,1.9250686728459472
400,0.1,RandForest,no,2.2778739247696618
400,0.1,RandForest,no,1.6870280875894568
400,0.1,RandForest,no,2.3817581617329435
400,0.1,RandForest,no,2.116965830133335
400,0.1,RandForest,no,2.2268611212237484
400,0.1,RandForest,no,2.4078541320739597
400,0.1,RandForest,no,2.0933820967414545
400,0.1,"StochOptForest
(oracle)",yes,1.5309757061812026
400,0.1,"StochOptForest
(oracle)",yes,1.3041923111844604
400,0.1,"StochOptForest
(oracle)",yes,1.3195344449614337
400,0.1,"StochOptForest
(oracle)",yes,1.4039009957472917
400,0.1,"StochOptForest
(oracle)",yes,1.6577728862609948
400,0.1,"StochOptForest
(oracle)",yes,1.372456066284295
400,0.1,"StochOptForest
(oracle)",yes,1.346735791252396
400,0.1,"StochOptForest
(oracle)",yes,1.2716025957456298
400,0.1,"StochOptForest
(oracle)",yes,1.4500536296289144
400,0.1,"StochOptForest
(oracle)",yes,1.1263371002102447
400,0.1,"StochOptForest
(oracle)",yes,1.2617020150767577
400,0.1,"StochOptForest
(oracle)",yes,1.2934975490032423
400,0.1,"StochOptForest
(oracle)",yes,1.2306619912864678
400,0.1,"StochOptForest
(oracle)",yes,1.2727881411361208
400,0.1,"StochOptForest
(oracle)",yes,1.3330984791034635
400,0.1,"StochOptForest
(oracle)",yes,1.6274205397094974
400,0.1,"StochOptForest
(oracle)",yes,1.4778945272687922
400,0.1,"StochOptForest
(oracle)",yes,1.2832483893149114
400,0.1,"StochOptForest
(oracle)",yes,1.21854164939978
400,0.1,"StochOptForest
(oracle)",yes,3.9522230355836063
400,0.1,"StochOptForest
(oracle)",yes,1.0760018291070537
400,0.1,"StochOptForest
(oracle)",yes,1.1818806763496563
400,0.1,"StochOptForest
(oracle)",yes,1.211795157457637
400,0.1,"StochOptForest
(oracle)",yes,1.2160546251927533
400,0.1,"StochOptForest
(oracle)",yes,1.1107618141589102
400,0.1,"StochOptForest
(oracle)",yes,1.225062938422802
400,0.1,"StochOptForest
(oracle)",yes,1.3286192487231125
400,0.1,"StochOptForest
(oracle)",yes,1.5107204288250347
400,0.1,"StochOptForest
(oracle)",yes,1.294441069546726
400,0.1,"StochOptForest
(oracle)",yes,1.267216049768453
400,0.1,"StochOptForest
(oracle)",yes,1.3292524605344576
400,0.1,"StochOptForest
(oracle)",yes,1.1794348358290994
400,0.1,"StochOptForest
(oracle)",yes,1.7049938469335584
400,0.1,"StochOptForest
(oracle)",yes,1.2834414906053675
400,0.1,"StochOptForest
(oracle)",yes,1.2555464401101775
400,0.1,"StochOptForest
(oracle)",yes,1.1770010064270722
400,0.1,"StochOptForest
(oracle)",yes,1.3139477446968555
400,0.1,"StochOptForest
(oracle)",yes,1.1782228249715878
400,0.1,"StochOptForest
(oracle)",yes,1.191030195579653
400,0.1,"StochOptForest
(oracle)",yes,1.2189121448346532
400,0.1,"StochOptForest
(oracle)",yes,1.2845042327551197
400,0.1,"StochOptForest
(oracle)",yes,1.4167163622215908
400,0.1,"StochOptForest
(oracle)",yes,1.4070522857068668
400,0.1,"StochOptForest
(oracle)",yes,1.3375896877561981
400,0.1,"StochOptForest
(oracle)",yes,1.1383844358722461
400,0.1,"StochOptForest
(oracle)",yes,1.344344982932565
400,0.1,"StochOptForest
(oracle)",yes,1.4245169837316138
400,0.1,"StochOptForest
(oracle)",yes,1.1908512081847726
400,0.1,"StochOptForest
(oracle)",yes,1.1443647686748923
400,0.1,"StochOptForest
(oracle)",yes,1.3946505625685168
