R,Method,Constraint,rel_risk,n
0.1,"StochOptForest
(apx-soln)",yes,1.1707583080432784,400
0.1,"StochOptForest
(apx-soln)",yes,2.0128143722205682,400
0.1,"StochOptForest
(apx-soln)",yes,1.4847713826710642,400
0.1,"StochOptForest
(apx-soln)",yes,1.4782143645171912,400
0.1,"StochOptForest
(apx-soln)",yes,1.5951936059868566,400
0.1,"StochOptForest
(apx-soln)",yes,1.27828721350669,400
0.1,"StochOptForest
(apx-soln)",yes,1.3805738477337006,400
0.1,"StochOptForest
(apx-soln)",yes,1.2510968228360368,400
0.1,"StochOptForest
(apx-soln)",yes,1.5723825183815066,400
0.1,"StochOptForest
(apx-soln)",yes,1.4909010840527415,400
0.1,"StochOptForest
(apx-soln)",yes,1.3899458042708075,400
0.1,"StochOptForest
(apx-soln)",yes,1.3688246105795778,400
0.1,"StochOptForest
(apx-soln)",yes,1.4832621727053776,400
0.1,"StochOptForest
(apx-soln)",yes,1.584798711741701,400
0.1,"StochOptForest
(apx-soln)",yes,1.2959906654827684,400
0.1,"StochOptForest
(apx-soln)",yes,2.1831359015525056,400
0.1,"StochOptForest
(apx-soln)",yes,1.5175258100532505,400
0.1,"StochOptForest
(apx-soln)",yes,1.2269353540633865,400
0.1,"StochOptForest
(apx-soln)",yes,1.1403999803745999,400
0.1,"StochOptForest
(apx-soln)",yes,1.17770571362161,400
0.1,"StochOptForest
(apx-soln)",yes,1.1938519712300835,400
0.1,"StochOptForest
(apx-soln)",yes,1.3825334689199684,400
0.1,"StochOptForest
(apx-soln)",yes,1.3288927714785865,400
0.1,"StochOptForest
(apx-soln)",yes,1.3731574938130557,400
0.1,"StochOptForest
(apx-soln)",yes,1.260378774387605,400
0.1,"StochOptForest
(apx-soln)",yes,1.2930896210353502,400
0.1,"StochOptForest
(apx-soln)",yes,1.30345863520381,400
0.1,"StochOptForest
(apx-soln)",yes,1.3508214357661534,400
0.1,"StochOptForest
(apx-soln)",yes,1.1676671591696004,400
0.1,"StochOptForest
(apx-soln)",yes,1.5932072325746454,400
0.1,"StochOptForest
(apx-soln)",yes,1.2070015856136513,400
0.1,"StochOptForest
(apx-soln)",yes,1.1421671227207892,400
0.1,"StochOptForest
(apx-soln)",yes,1.4009335129948879,400
0.1,"StochOptForest
(apx-soln)",yes,1.4588167624759851,400
0.1,"StochOptForest
(apx-soln)",yes,1.261669582121433,400
0.1,"StochOptForest
(apx-soln)",yes,1.3812000675265774,400
0.1,"StochOptForest
(apx-soln)",yes,1.3840656886715732,400
0.1,"StochOptForest
(apx-soln)",yes,1.1675894928097987,400
0.1,"StochOptForest
(apx-soln)",yes,1.1828605159374768,400
0.1,"StochOptForest
(apx-soln)",yes,1.2360576812196382,400
0.1,"StochOptForest
(apx-soln)",yes,1.8108697091911208,400
0.1,"StochOptForest
(apx-soln)",yes,1.3309894499609987,400
0.1,"StochOptForest
(apx-soln)",yes,1.2146942845827782,400
0.1,"StochOptForest
(apx-soln)",yes,1.5154844962493454,400
0.1,"StochOptForest
(apx-soln)",yes,1.497294487026265,400
0.1,"StochOptForest
(apx-soln)",yes,1.44725100917126,400
0.1,"StochOptForest
(apx-soln)",yes,1.282081282503839,400
0.1,"StochOptForest
(apx-soln)",yes,1.5814271465909187,400
0.1,"StochOptForest
(apx-soln)",yes,1.2590449420441112,400
0.1,"StochOptForest
(apx-soln)",yes,1.4150841871438804,400
0.1,"StochOptForest
(apx-soln)",no,2.2589932643994137,400
0.1,"StochOptForest
(apx-soln)",no,4.493432777333706,400
0.1,"StochOptForest
(apx-soln)",no,2.58610884430109,400
0.1,"StochOptForest
(apx-soln)",no,3.1824338174871545,400
0.1,"StochOptForest
(apx-soln)",no,3.0708120360401874,400
0.1,"StochOptForest
(apx-soln)",no,2.5724568731663218,400
0.1,"StochOptForest
(apx-soln)",no,2.722455492657794,400
0.1,"StochOptForest
(apx-soln)",no,2.6715495425561824,400
0.1,"StochOptForest
(apx-soln)",no,2.4018229960320294,400
0.1,"StochOptForest
(apx-soln)",no,2.7455277901650406,400
0.1,"StochOptForest
(apx-soln)",no,2.4899446925059467,400
0.1,"StochOptForest
(apx-soln)",no,2.4195389397950158,400
0.1,"StochOptForest
(apx-soln)",no,2.5509507660545956,400
0.1,"StochOptForest
(apx-soln)",no,2.720536943316975,400
0.1,"StochOptForest
(apx-soln)",no,2.635625330799327,400
0.1,"StochOptForest
(apx-soln)",no,2.9382404509508815,400
0.1,"StochOptForest
(apx-soln)",no,3.042269299477428,400
0.1,"StochOptForest
(apx-soln)",no,1.9834683223501186,400
0.1,"StochOptForest
(apx-soln)",no,2.463091661139647,400
0.1,"StochOptForest
(apx-soln)",no,2.5610187531488595,400
0.1,"StochOptForest
(apx-soln)",no,2.469815638629044,400
0.1,"StochOptForest
(apx-soln)",no,2.585199330335075,400
0.1,"StochOptForest
(apx-soln)",no,2.367536628410065,400
0.1,"StochOptForest
(apx-soln)",no,2.837363739498431,400
0.1,"StochOptForest
(apx-soln)",no,2.5817948962763166,400
0.1,"StochOptForest
(apx-soln)",no,3.2652496559836184,400
0.1,"StochOptForest
(apx-soln)",no,2.6142355938510087,400
0.1,"StochOptForest
(apx-soln)",no,2.9899504215862502,400
0.1,"StochOptForest
(apx-soln)",no,2.29898337333591,400
0.1,"StochOptForest
(apx-soln)",no,2.8097157894494385,400
0.1,"StochOptForest
(apx-soln)",no,2.4413645878098205,400
0.1,"StochOptForest
(apx-soln)",no,2.2360546639977215,400
0.1,"StochOptForest
(apx-soln)",no,3.5836693311403436,400
0.1,"StochOptForest
(apx-soln)",no,2.960735953573793,400
0.1,"StochOptForest
(apx-soln)",no,2.3138963165817046,400
0.1,"StochOptForest
(apx-soln)",no,3.121487231184147,400
0.1,"StochOptForest
(apx-soln)",no,2.137831755922799,400
0.1,"StochOptForest
(apx-soln)",no,2.5805947617238085,400
0.1,"StochOptForest
(apx-soln)",no,2.3460747172663816,400
0.1,"StochOptForest
(apx-soln)",no,2.1993278232062257,400
0.1,"StochOptForest
(apx-soln)",no,3.2054160442133757,400
0.1,"StochOptForest
(apx-soln)",no,2.311148137938967,400
0.1,"StochOptForest
(apx-soln)",no,2.5119095748299545,400
0.1,"StochOptForest
(apx-soln)",no,3.4288322367637005,400
0.1,"StochOptForest
(apx-soln)",no,2.812089500189596,400
0.1,"StochOptForest
(apx-soln)",no,2.748339364738129,400
0.1,"StochOptForest
(apx-soln)",no,2.719867511391821,400
0.1,"StochOptForest
(apx-soln)",no,2.661137668241716,400
0.1,"StochOptForest
(apx-soln)",no,2.560193139002041,400
0.1,"StochOptForest
(apx-soln)",no,2.509308755468835,400
0.1,"StochOptForest
(apx-risk)",yes,1.1228306810624433,400
0.1,"StochOptForest
(apx-risk)",yes,1.9434577504845079,400
0.1,"StochOptForest
(apx-risk)",yes,1.3796219819784046,400
0.1,"StochOptForest
(apx-risk)",yes,1.2952605470322756,400
0.1,"StochOptForest
(apx-risk)",yes,1.527122744380633,400
0.1,"StochOptForest
(apx-risk)",yes,1.2574559376938539,400
0.1,"StochOptForest
(apx-risk)",yes,1.3227366682449633,400
0.1,"StochOptForest
(apx-risk)",yes,1.2256311139978184,400
0.1,"StochOptForest
(apx-risk)",yes,1.7617164115536847,400
0.1,"StochOptForest
(apx-risk)",yes,1.3722976456959706,400
0.1,"StochOptForest
(apx-risk)",yes,1.3369938785306694,400
0.1,"StochOptForest
(apx-risk)",yes,1.2266539341800733,400
0.1,"StochOptForest
(apx-risk)",yes,1.4384428894449917,400
0.1,"StochOptForest
(apx-risk)",yes,1.4013195984428681,400
0.1,"StochOptForest
(apx-risk)",yes,1.2525612690633514,400
0.1,"StochOptForest
(apx-risk)",yes,1.822088792708797,400
0.1,"StochOptForest
(apx-risk)",yes,1.458148053331391,400
0.1,"StochOptForest
(apx-risk)",yes,1.1438373470634928,400
0.1,"StochOptForest
(apx-risk)",yes,1.0737012620358215,400
0.1,"StochOptForest
(apx-risk)",yes,1.1634793847575178,400
0.1,"StochOptForest
(apx-risk)",yes,1.1477668078403929,400
0.1,"StochOptForest
(apx-risk)",yes,1.237405357560824,400
0.1,"StochOptForest
(apx-risk)",yes,1.1746818652025917,400
0.1,"StochOptForest
(apx-risk)",yes,1.3119026565723404,400
0.1,"StochOptForest
(apx-risk)",yes,1.206697033241178,400
0.1,"StochOptForest
(apx-risk)",yes,1.2733943622223691,400
0.1,"StochOptForest
(apx-risk)",yes,1.2601169996366495,400
0.1,"StochOptForest
(apx-risk)",yes,1.2663179222491305,400
0.1,"StochOptForest
(apx-risk)",yes,1.1752823758561508,400
0.1,"StochOptForest
(apx-risk)",yes,1.4681978022226319,400
0.1,"StochOptForest
(apx-risk)",yes,1.1661895224450898,400
0.1,"StochOptForest
(apx-risk)",yes,1.094813349313527,400
0.1,"StochOptForest
(apx-risk)",yes,1.5185116290382612,400
0.1,"StochOptForest
(apx-risk)",yes,1.332976809725365,400
0.1,"StochOptForest
(apx-risk)",yes,1.20358278003006,400
0.1,"StochOptForest
(apx-risk)",yes,1.2789318189796992,400
0.1,"StochOptForest
(apx-risk)",yes,1.3854467702955255,400
0.1,"StochOptForest
(apx-risk)",yes,1.1751284674233577,400
0.1,"StochOptForest
(apx-risk)",yes,1.1961015426152446,400
0.1,"StochOptForest
(apx-risk)",yes,1.185043769062264,400
0.1,"StochOptForest
(apx-risk)",yes,1.7754974614125647,400
0.1,"StochOptForest
(apx-risk)",yes,1.1833389495937023,400
0.1,"StochOptForest
(apx-risk)",yes,1.2622018933221417,400
0.1,"StochOptForest
(apx-risk)",yes,1.3988088255093865,400
0.1,"StochOptForest
(apx-risk)",yes,2.096868869786487,400
0.1,"StochOptForest
(apx-risk)",yes,1.4278785103529315,400
0.1,"StochOptForest
(apx-risk)",yes,1.281222419046555,400
0.1,"StochOptForest
(apx-risk)",yes,1.3742104752172328,400
0.1,"StochOptForest
(apx-risk)",yes,1.2297682683464444,400
0.1,"StochOptForest
(apx-risk)",yes,1.3337708090846423,400
0.1,"StochOptForest
(apx-risk)",no,1.0919184198347207,400
0.1,"StochOptForest
(apx-risk)",no,1.4638843742135623,400
0.1,"StochOptForest
(apx-risk)",no,1.3570318183784513,400
0.1,"StochOptForest
(apx-risk)",no,1.2191064312674573,400
0.1,"StochOptForest
(apx-risk)",no,4.686656060125337,400
0.1,"StochOptForest
(apx-risk)",no,1.1765903462211678,400
0.1,"StochOptForest
(apx-risk)",no,1.1256602596475993,400
0.1,"StochOptForest
(apx-risk)",no,1.2207306676074787,400
0.1,"StochOptForest
(apx-risk)",no,1.7338229918032735,400
0.1,"StochOptForest
(apx-risk)",no,1.3192568435939365,400
0.1,"StochOptForest
(apx-risk)",no,1.312509713108726,400
0.1,"StochOptForest
(apx-risk)",no,1.2244027534281086,400
0.1,"StochOptForest
(apx-risk)",no,2.19604966874893,400
0.1,"StochOptForest
(apx-risk)",no,1.3400121342988323,400
0.1,"StochOptForest
(apx-risk)",no,1.3134852976828424,400
0.1,"StochOptForest
(apx-risk)",no,1.309094957911418,400
0.1,"StochOptForest
(apx-risk)",no,1.421390258498619,400
0.1,"StochOptForest
(apx-risk)",no,1.186152370325435,400
0.1,"StochOptForest
(apx-risk)",no,1.011977837510316,400
0.1,"StochOptForest
(apx-risk)",no,1.1532356249427573,400
0.1,"StochOptForest
(apx-risk)",no,1.1926283778943017,400
0.1,"StochOptForest
(apx-risk)",no,1.189581370576814,400
0.1,"StochOptForest
(apx-risk)",no,1.1652633124263514,400
0.1,"StochOptForest
(apx-risk)",no,1.231558237747299,400
0.1,"StochOptForest
(apx-risk)",no,1.1626956096257295,400
0.1,"StochOptForest
(apx-risk)",no,1.173496602574142,400
0.1,"StochOptForest
(apx-risk)",no,1.2654178611647817,400
0.1,"StochOptForest
(apx-risk)",no,1.2408883187093485,400
0.1,"StochOptForest
(apx-risk)",no,1.1651685625783044,400
0.1,"StochOptForest
(apx-risk)",no,1.3753323653446672,400
0.1,"StochOptForest
(apx-risk)",no,1.1388782444105876,400
0.1,"StochOptForest
(apx-risk)",no,1.1195675857061191,400
0.1,"StochOptForest
(apx-risk)",no,1.303178731232481,400
0.1,"StochOptForest
(apx-risk)",no,1.313354981710122,400
0.1,"StochOptForest
(apx-risk)",no,1.1760788964461135,400
0.1,"StochOptForest
(apx-risk)",no,1.3027793951542734,400
0.1,"StochOptForest
(apx-risk)",no,1.302801238684364,400
0.1,"StochOptForest
(apx-risk)",no,1.1171882490431502,400
0.1,"StochOptForest
(apx-risk)",no,1.2058364371595836,400
0.1,"StochOptForest
(apx-risk)",no,1.3005422239715703,400
0.1,"StochOptForest
(apx-risk)",no,1.5800518169145752,400
0.1,"StochOptForest
(apx-risk)",no,1.2325108373245528,400
0.1,"StochOptForest
(apx-risk)",no,1.6012500335876159,400
0.1,"StochOptForest
(apx-risk)",no,1.3115398708151964,400
0.1,"StochOptForest
(apx-risk)",no,1.5752669111074438,400
0.1,"StochOptForest
(apx-risk)",no,1.402343405083065,400
0.1,"StochOptForest
(apx-risk)",no,1.2735558746747035,400
0.1,"StochOptForest
(apx-risk)",no,1.3555573796430473,400
0.1,"StochOptForest
(apx-risk)",no,1.1840032961624347,400
0.1,"StochOptForest
(apx-risk)",no,1.254063178000649,400
0.1,RandSplitForest,no,2.1785786872142308,400
0.1,RandSplitForest,no,4.1519881315725256,400
0.1,RandSplitForest,no,2.4333225390921664,400
0.1,RandSplitForest,no,2.999738313612031,400
0.1,RandSplitForest,no,2.6495106513730815,400
0.1,RandSplitForest,no,2.455336555911496,400
0.1,RandSplitForest,no,2.5920730945410817,400
0.1,RandSplitForest,no,2.4870063852956954,400
0.1,RandSplitForest,no,2.2721404378545302,400
0.1,RandSplitForest,no,2.6178817324935197,400
0.1,RandSplitForest,no,2.3682082262851445,400
0.1,RandSplitForest,no,2.329066179947053,400
0.1,RandSplitForest,no,2.4242971513604576,400
0.1,RandSplitForest,no,2.631905315286149,400
0.1,RandSplitForest,no,2.5132777109070013,400
0.1,RandSplitForest,no,2.964317764948497,400
0.1,RandSplitForest,no,2.8978283673393825,400
0.1,RandSplitForest,no,1.887335552780334,400
0.1,RandSplitForest,no,2.3023619835119984,400
0.1,RandSplitForest,no,2.39327361884486,400
0.1,RandSplitForest,no,2.3721605239748724,400
0.1,RandSplitForest,no,2.4127024677626356,400
0.1,RandSplitForest,no,2.300101211096247,400
0.1,RandSplitForest,no,2.2983482117999396,400
0.1,RandSplitForest,no,2.424592950738883,400
0.1,RandSplitForest,no,3.0750388924907384,400
0.1,RandSplitForest,no,2.545085819617067,400
0.1,RandSplitForest,no,2.819992341385267,400
0.1,RandSplitForest,no,2.209385550643552,400
0.1,RandSplitForest,no,2.641107081687752,400
0.1,RandSplitForest,no,2.3843181112913343,400
0.1,RandSplitForest,no,2.1608355061320688,400
0.1,RandSplitForest,no,3.3006465606753355,400
0.1,RandSplitForest,no,2.857322409115398,400
0.1,RandSplitForest,no,2.2453874863111842,400
0.1,RandSplitForest,no,2.965446074243234,400
0.1,RandSplitForest,no,2.0268666164580584,400
0.1,RandSplitForest,no,2.445967073919168,400
0.1,RandSplitForest,no,2.2056112231169385,400
0.1,RandSplitForest,no,2.115136374554268,400
0.1,RandSplitForest,no,2.6821164113445537,400
0.1,RandSplitForest,no,2.2511890164927766,400
0.1,RandSplitForest,no,2.430517146957147,400
0.1,RandSplitForest,no,3.09285470068259,400
0.1,RandSplitForest,no,2.559765815402603,400
0.1,RandSplitForest,no,2.644075073576914,400
0.1,RandSplitForest,no,2.62381608703711,400
0.1,RandSplitForest,no,2.60608370417177,400
0.1,RandSplitForest,no,2.463970963990735,400
0.1,RandSplitForest,no,2.3294284426442244,400
0.1,RandForest,no,1.69966736097364,400
0.1,RandForest,no,2.6066579694651124,400
0.1,RandForest,no,1.8418968359068926,400
0.1,RandForest,no,2.0686141388721406,400
0.1,RandForest,no,1.6783756873128293,400
0.1,RandForest,no,1.8866112572599025,400
0.1,RandForest,no,1.8805388349689274,400
0.1,RandForest,no,1.932591447784877,400
0.1,RandForest,no,1.7950382338703494,400
0.1,RandForest,no,2.4363301783250995,400
0.1,RandForest,no,1.9073063973487137,400
0.1,RandForest,no,1.9289201164509147,400
0.1,RandForest,no,2.0265242629744953,400
0.1,RandForest,no,2.1858370195314323,400
0.1,RandForest,no,2.2024025127926725,400
0.1,RandForest,no,2.440805698638538,400
0.1,RandForest,no,2.007151723951207,400
0.1,RandForest,no,1.6380539324153196,400
0.1,RandForest,no,1.8139547160101739,400
0.1,RandForest,no,1.7839493977651502,400
0.1,RandForest,no,2.1478486180251637,400
0.1,RandForest,no,2.0715087001825463,400
0.1,RandForest,no,1.9795890490155548,400
0.1,RandForest,no,1.6208369361461183,400
0.1,RandForest,no,2.0422688602549854,400
0.1,RandForest,no,25.777007573624562,400
0.1,RandForest,no,2.2714667701479594,400
0.1,RandForest,no,2.12314047903548,400
0.1,RandForest,no,1.7069371849641741,400
0.1,RandForest,no,2.120173121350272,400
0.1,RandForest,no,2.025834637612445,400
0.1,RandForest,no,1.918152817440204,400
0.1,RandForest,no,2.9227285428346303,400
0.1,RandForest,no,2.356859004768625,400
0.1,RandForest,no,1.8851048275674627,400
0.1,RandForest,no,1.818406984745889,400
0.1,RandForest,no,1.7863079170995262,400
0.1,RandForest,no,2.133577700265791,400
0.1,RandForest,no,1.979414385075223,400
0.1,RandForest,no,1.678085969883539,400
0.1,RandForest,no,2.465823377898065,400
0.1,RandForest,no,1.9950035293075243,400
0.1,RandForest,no,2.054383250344798,400
0.1,RandForest,no,2.2377671602973024,400
0.1,RandForest,no,2.2275939851713806,400
0.1,RandForest,no,2.3097537941697257,400
0.1,RandForest,no,2.172590229978108,400
0.1,RandForest,no,2.198983199893595,400
0.1,RandForest,no,2.198283324003323,400
0.1,RandForest,no,3.310540729782935,400
0.3,"StochOptForest
(apx-soln)",yes,1.3055164817944982,400
0.3,"StochOptForest
(apx-soln)",yes,1.2025752257370852,400
0.3,"StochOptForest
(apx-soln)",yes,1.2348351279035044,400
0.3,"StochOptForest
(apx-soln)",yes,1.4717745093464132,400
0.3,"StochOptForest
(apx-soln)",yes,1.2807309438944037,400
0.3,"StochOptForest
(apx-soln)",yes,1.730285942235602,400
0.3,"StochOptForest
(apx-soln)",yes,1.2334129313653739,400
0.3,"StochOptForest
(apx-soln)",yes,1.2887223730241737,400
0.3,"StochOptForest
(apx-soln)",yes,1.3321015413220594,400
0.3,"StochOptForest
(apx-soln)",yes,1.1950798035728676,400
0.3,"StochOptForest
(apx-soln)",yes,1.490391842864409,400
0.3,"StochOptForest
(apx-soln)",yes,1.2946726108310047,400
0.3,"StochOptForest
(apx-soln)",yes,1.3822671837828295,400
0.3,"StochOptForest
(apx-soln)",yes,1.329930349113273,400
0.3,"StochOptForest
(apx-soln)",yes,1.2229803775387398,400
0.3,"StochOptForest
(apx-soln)",yes,1.3601502694208791,400
0.3,"StochOptForest
(apx-soln)",yes,1.2771200784786418,400
0.3,"StochOptForest
(apx-soln)",yes,1.2436167922795953,400
0.3,"StochOptForest
(apx-soln)",yes,1.2155694413678375,400
0.3,"StochOptForest
(apx-soln)",yes,1.2843856469671424,400
0.3,"StochOptForest
(apx-soln)",yes,1.2656537509507408,400
0.3,"StochOptForest
(apx-soln)",yes,1.3840231974699317,400
0.3,"StochOptForest
(apx-soln)",yes,1.5166758600379793,400
0.3,"StochOptForest
(apx-soln)",yes,1.548303100035958,400
0.3,"StochOptForest
(apx-soln)",yes,1.7194181208877006,400
0.3,"StochOptForest
(apx-soln)",yes,1.3243492078210939,400
0.3,"StochOptForest
(apx-soln)",yes,1.625985512791807,400
0.3,"StochOptForest
(apx-soln)",yes,1.2938731326566406,400
0.3,"StochOptForest
(apx-soln)",yes,1.3870837424259637,400
0.3,"StochOptForest
(apx-soln)",yes,1.567600151085168,400
0.3,"StochOptForest
(apx-soln)",yes,1.3804444842826122,400
0.3,"StochOptForest
(apx-soln)",yes,1.171547670742757,400
0.3,"StochOptForest
(apx-soln)",yes,1.3845907530278747,400
0.3,"StochOptForest
(apx-soln)",yes,1.509748249531003,400
0.3,"StochOptForest
(apx-soln)",yes,1.333415555469654,400
0.3,"StochOptForest
(apx-soln)",yes,1.1897049247902463,400
0.3,"StochOptForest
(apx-soln)",yes,1.5181948089735766,400
0.3,"StochOptForest
(apx-soln)",yes,1.2919991926087353,400
0.3,"StochOptForest
(apx-soln)",yes,1.3450998961700524,400
0.3,"StochOptForest
(apx-soln)",yes,1.4292162909028163,400
0.3,"StochOptForest
(apx-soln)",yes,1.6896887340533313,400
0.3,"StochOptForest
(apx-soln)",yes,1.3974330465436402,400
0.3,"StochOptForest
(apx-soln)",yes,1.2340889986166965,400
0.3,"StochOptForest
(apx-soln)",yes,1.4735060136158218,400
0.3,"StochOptForest
(apx-soln)",yes,1.353135958134305,400
0.3,"StochOptForest
(apx-soln)",yes,1.1787915479376097,400
0.3,"StochOptForest
(apx-soln)",yes,1.5804224250914916,400
0.3,"StochOptForest
(apx-soln)",yes,1.26015836242989,400
0.3,"StochOptForest
(apx-soln)",yes,1.4147373596579125,400
0.3,"StochOptForest
(apx-soln)",yes,1.2096672491322107,400
0.3,"StochOptForest
(apx-soln)",no,2.418547090075485,400
0.3,"StochOptForest
(apx-soln)",no,2.5788059532872856,400
0.3,"StochOptForest
(apx-soln)",no,2.3544086642188384,400
0.3,"StochOptForest
(apx-soln)",no,2.369273789597086,400
0.3,"StochOptForest
(apx-soln)",no,2.74279363439489,400
0.3,"StochOptForest
(apx-soln)",no,2.4547564316334936,400
0.3,"StochOptForest
(apx-soln)",no,2.8432178659300127,400
0.3,"StochOptForest
(apx-soln)",no,3.477907110175323,400
0.3,"StochOptForest
(apx-soln)",no,2.476814655241853,400
0.3,"StochOptForest
(apx-soln)",no,2.3315390833668284,400
0.3,"StochOptForest
(apx-soln)",no,2.9390471169196637,400
0.3,"StochOptForest
(apx-soln)",no,3.027317829947755,400
0.3,"StochOptForest
(apx-soln)",no,3.1081742932025187,400
0.3,"StochOptForest
(apx-soln)",no,2.390968124638202,400
0.3,"StochOptForest
(apx-soln)",no,2.4290336955588803,400
0.3,"StochOptForest
(apx-soln)",no,2.6934829964569107,400
0.3,"StochOptForest
(apx-soln)",no,3.288977949027291,400
0.3,"StochOptForest
(apx-soln)",no,4.064993553075015,400
0.3,"StochOptForest
(apx-soln)",no,2.1749442378195414,400
0.3,"StochOptForest
(apx-soln)",no,2.3379523707122254,400
0.3,"StochOptForest
(apx-soln)",no,2.288223793982319,400
0.3,"StochOptForest
(apx-soln)",no,3.0354004623574045,400
0.3,"StochOptForest
(apx-soln)",no,2.9879756682878464,400
0.3,"StochOptForest
(apx-soln)",no,2.8943649512632246,400
0.3,"StochOptForest
(apx-soln)",no,2.9933169678085427,400
0.3,"StochOptForest
(apx-soln)",no,2.178044328097242,400
0.3,"StochOptForest
(apx-soln)",no,2.539609736855807,400
0.3,"StochOptForest
(apx-soln)",no,2.8258272370835047,400
0.3,"StochOptForest
(apx-soln)",no,2.4107887505177787,400
0.3,"StochOptForest
(apx-soln)",no,3.0825405826871353,400
0.3,"StochOptForest
(apx-soln)",no,2.634093414466234,400
0.3,"StochOptForest
(apx-soln)",no,2.6255663220227747,400
0.3,"StochOptForest
(apx-soln)",no,2.4389107492306925,400
0.3,"StochOptForest
(apx-soln)",no,2.505798648252745,400
0.3,"StochOptForest
(apx-soln)",no,2.7073878150702204,400
0.3,"StochOptForest
(apx-soln)",no,2.748100563276194,400
0.3,"StochOptForest
(apx-soln)",no,3.015657149050431,400
0.3,"StochOptForest
(apx-soln)",no,2.370437491157908,400
0.3,"StochOptForest
(apx-soln)",no,2.4193296856367748,400
0.3,"StochOptForest
(apx-soln)",no,3.0192224566581976,400
0.3,"StochOptForest
(apx-soln)",no,2.992940394362911,400
0.3,"StochOptForest
(apx-soln)",no,2.387273617362995,400
0.3,"StochOptForest
(apx-soln)",no,2.7162779115561517,400
0.3,"StochOptForest
(apx-soln)",no,3.0071418380352672,400
0.3,"StochOptForest
(apx-soln)",no,2.4549068202438162,400
0.3,"StochOptForest
(apx-soln)",no,2.3815723882987547,400
0.3,"StochOptForest
(apx-soln)",no,2.9619126674534217,400
0.3,"StochOptForest
(apx-soln)",no,2.874039690975344,400
0.3,"StochOptForest
(apx-soln)",no,2.5106809957384733,400
0.3,"StochOptForest
(apx-soln)",no,2.451174425409202,400
0.3,"StochOptForest
(apx-risk)",yes,1.1763491654576992,400
0.3,"StochOptForest
(apx-risk)",yes,1.1703682460292368,400
0.3,"StochOptForest
(apx-risk)",yes,1.1659365373516932,400
0.3,"StochOptForest
(apx-risk)",yes,1.3747284824768784,400
0.3,"StochOptForest
(apx-risk)",yes,1.166210111570642,400
0.3,"StochOptForest
(apx-risk)",yes,2.1252601765618806,400
0.3,"StochOptForest
(apx-risk)",yes,1.3079209086244512,400
0.3,"StochOptForest
(apx-risk)",yes,1.219901202512,400
0.3,"StochOptForest
(apx-risk)",yes,1.246927514078826,400
0.3,"StochOptForest
(apx-risk)",yes,1.0698202656458276,400
0.3,"StochOptForest
(apx-risk)",yes,1.5577393062101739,400
0.3,"StochOptForest
(apx-risk)",yes,1.3407114593049698,400
0.3,"StochOptForest
(apx-risk)",yes,1.2111227953031642,400
0.3,"StochOptForest
(apx-risk)",yes,1.3047576201587456,400
0.3,"StochOptForest
(apx-risk)",yes,1.2026164240207287,400
0.3,"StochOptForest
(apx-risk)",yes,1.223275524454726,400
0.3,"StochOptForest
(apx-risk)",yes,1.2062643289723043,400
0.3,"StochOptForest
(apx-risk)",yes,1.3223203509124901,400
0.3,"StochOptForest
(apx-risk)",yes,1.3955102284873526,400
0.3,"StochOptForest
(apx-risk)",yes,1.4249806531987057,400
0.3,"StochOptForest
(apx-risk)",yes,1.2374808407678959,400
0.3,"StochOptForest
(apx-risk)",yes,1.3192025205520967,400
0.3,"StochOptForest
(apx-risk)",yes,1.3588281590149411,400
0.3,"StochOptForest
(apx-risk)",yes,1.3998824946714294,400
0.3,"StochOptForest
(apx-risk)",yes,1.4926023261695562,400
0.3,"StochOptForest
(apx-risk)",yes,1.2431787910190781,400
0.3,"StochOptForest
(apx-risk)",yes,1.4619007689213468,400
0.3,"StochOptForest
(apx-risk)",yes,1.2950017762306536,400
0.3,"StochOptForest
(apx-risk)",yes,1.3303374878808316,400
0.3,"StochOptForest
(apx-risk)",yes,1.4419992861347395,400
0.3,"StochOptForest
(apx-risk)",yes,1.2608076319085422,400
0.3,"StochOptForest
(apx-risk)",yes,1.143252641286891,400
0.3,"StochOptForest
(apx-risk)",yes,1.364058783512461,400
0.3,"StochOptForest
(apx-risk)",yes,1.345808223004603,400
0.3,"StochOptForest
(apx-risk)",yes,1.2302654232694739,400
0.3,"StochOptForest
(apx-risk)",yes,1.157708133915726,400
0.3,"StochOptForest
(apx-risk)",yes,1.3618944860360325,400
0.3,"StochOptForest
(apx-risk)",yes,1.2560004049536455,400
0.3,"StochOptForest
(apx-risk)",yes,1.272981460682949,400
0.3,"StochOptForest
(apx-risk)",yes,1.8190419077594362,400
0.3,"StochOptForest
(apx-risk)",yes,1.5751094399467802,400
0.3,"StochOptForest
(apx-risk)",yes,1.2903422181084787,400
0.3,"StochOptForest
(apx-risk)",yes,1.182249370838919,400
0.3,"StochOptForest
(apx-risk)",yes,1.3415831463784254,400
0.3,"StochOptForest
(apx-risk)",yes,1.2621860211528073,400
0.3,"StochOptForest
(apx-risk)",yes,1.110253650997357,400
0.3,"StochOptForest
(apx-risk)",yes,1.2838836512256562,400
0.3,"StochOptForest
(apx-risk)",yes,1.2591238112798975,400
0.3,"StochOptForest
(apx-risk)",yes,1.2579185231191803,400
0.3,"StochOptForest
(apx-risk)",yes,1.2004674560558233,400
0.3,"StochOptForest
(apx-risk)",no,1.7504544687342518,400
0.3,"StochOptForest
(apx-risk)",no,1.1126729318091193,400
0.3,"StochOptForest
(apx-risk)",no,1.177830652000762,400
0.3,"StochOptForest
(apx-risk)",no,1.272294527469287,400
0.3,"StochOptForest
(apx-risk)",no,1.1030881973654703,400
0.3,"StochOptForest
(apx-risk)",no,1.444749879697554,400
0.3,"StochOptForest
(apx-risk)",no,1.2204014987474257,400
0.3,"StochOptForest
(apx-risk)",no,1.0558018177573234,400
0.3,"StochOptForest
(apx-risk)",no,1.0654877238760319,400
0.3,"StochOptForest
(apx-risk)",no,1.1168861805388954,400
0.3,"StochOptForest
(apx-risk)",no,1.5562909137019616,400
0.3,"StochOptForest
(apx-risk)",no,1.1705052390122495,400
0.3,"StochOptForest
(apx-risk)",no,1.2199198568039935,400
0.3,"StochOptForest
(apx-risk)",no,1.220839653643739,400
0.3,"StochOptForest
(apx-risk)",no,1.1818372337199403,400
0.3,"StochOptForest
(apx-risk)",no,1.2544102870673608,400
0.3,"StochOptForest
(apx-risk)",no,1.1611657569550276,400
0.3,"StochOptForest
(apx-risk)",no,1.1851870403854217,400
0.3,"StochOptForest
(apx-risk)",no,2.2284954748123447,400
0.3,"StochOptForest
(apx-risk)",no,1.330291141039201,400
0.3,"StochOptForest
(apx-risk)",no,1.2394110317975908,400
0.3,"StochOptForest
(apx-risk)",no,1.1975569585574743,400
0.3,"StochOptForest
(apx-risk)",no,1.2055791150349808,400
0.3,"StochOptForest
(apx-risk)",no,1.2041193216364863,400
0.3,"StochOptForest
(apx-risk)",no,1.2577688438645203,400
0.3,"StochOptForest
(apx-risk)",no,1.248291529852161,400
0.3,"StochOptForest
(apx-risk)",no,1.1192179106175444,400
0.3,"StochOptForest
(apx-risk)",no,1.1120494580359428,400
0.3,"StochOptForest
(apx-risk)",no,1.2075587654143178,400
0.3,"StochOptForest
(apx-risk)",no,1.281718158573511,400
0.3,"StochOptForest
(apx-risk)",no,1.143399085079585,400
0.3,"StochOptForest
(apx-risk)",no,1.1509434541983592,400
0.3,"StochOptForest
(apx-risk)",no,1.1859657964269466,400
0.3,"StochOptForest
(apx-risk)",no,1.1906636708977971,400
0.3,"StochOptForest
(apx-risk)",no,1.1898901250510456,400
0.3,"StochOptForest
(apx-risk)",no,1.1033460861960678,400
0.3,"StochOptForest
(apx-risk)",no,1.1918746907296054,400
0.3,"StochOptForest
(apx-risk)",no,1.174059089536419,400
0.3,"StochOptForest
(apx-risk)",no,1.1019399708970874,400
0.3,"StochOptForest
(apx-risk)",no,1.4863690947247783,400
0.3,"StochOptForest
(apx-risk)",no,1.3339485872830634,400
0.3,"StochOptForest
(apx-risk)",no,1.182348639217962,400
0.3,"StochOptForest
(apx-risk)",no,1.1170952373503162,400
0.3,"StochOptForest
(apx-risk)",no,1.302001112197001,400
0.3,"StochOptForest
(apx-risk)",no,1.2053170234253592,400
0.3,"StochOptForest
(apx-risk)",no,1.1241479991428012,400
0.3,"StochOptForest
(apx-risk)",no,1.153290177482036,400
0.3,"StochOptForest
(apx-risk)",no,1.4285852965226193,400
0.3,"StochOptForest
(apx-risk)",no,1.146252973520738,400
0.3,"StochOptForest
(apx-risk)",no,1.2257000682094916,400
0.3,RandSplitForest,no,2.1798406225164806,400
0.3,RandSplitForest,no,2.2047756490821326,400
0.3,RandSplitForest,no,2.2865523269610026,400
0.3,RandSplitForest,no,2.135439190347615,400
0.3,RandSplitForest,no,2.562203398977141,400
0.3,RandSplitForest,no,1.8473022707942837,400
0.3,RandSplitForest,no,2.5780828263725466,400
0.3,RandSplitForest,no,2.8225734034820427,400
0.3,RandSplitForest,no,2.1742289613128767,400
0.3,RandSplitForest,no,2.0001752686177587,400
0.3,RandSplitForest,no,2.841086639811918,400
0.3,RandSplitForest,no,2.50690543291746,400
0.3,RandSplitForest,no,2.9692849274153303,400
0.3,RandSplitForest,no,2.063632448131407,400
0.3,RandSplitForest,no,2.1805024841876945,400
0.3,RandSplitForest,no,2.4159657283529175,400
0.3,RandSplitForest,no,2.706068687958541,400
0.3,RandSplitForest,no,3.3826723181752074,400
0.3,RandSplitForest,no,1.9446585924664659,400
0.3,RandSplitForest,no,1.9506550623032257,400
0.3,RandSplitForest,no,1.9535486894994072,400
0.3,RandSplitForest,no,2.842713889526554,400
0.3,RandSplitForest,no,2.628272257915623,400
0.3,RandSplitForest,no,2.484064852484509,400
0.3,RandSplitForest,no,2.749251726855708,400
0.3,RandSplitForest,no,2.048061401796827,400
0.3,RandSplitForest,no,2.2313188477900168,400
0.3,RandSplitForest,no,2.638915977737855,400
0.3,RandSplitForest,no,2.2485903464652823,400
0.3,RandSplitForest,no,2.7184575722786586,400
0.3,RandSplitForest,no,2.4492150089243756,400
0.3,RandSplitForest,no,2.0479573326041542,400
0.3,RandSplitForest,no,2.119140340000733,400
0.3,RandSplitForest,no,2.342113053762906,400
0.3,RandSplitForest,no,2.662055140550536,400
0.3,RandSplitForest,no,2.5155028772048857,400
0.3,RandSplitForest,no,2.7689886233543812,400
0.3,RandSplitForest,no,2.2645916133022808,400
0.3,RandSplitForest,no,2.0560913250902875,400
0.3,RandSplitForest,no,2.5140143383523728,400
0.3,RandSplitForest,no,2.6605645078339597,400
0.3,RandSplitForest,no,2.095278762777985,400
0.3,RandSplitForest,no,2.2358326871278353,400
0.3,RandSplitForest,no,2.551923318679211,400
0.3,RandSplitForest,no,2.3244358730737633,400
0.3,RandSplitForest,no,2.1698487750617534,400
0.3,RandSplitForest,no,2.7343232206317185,400
0.3,RandSplitForest,no,2.160439924238355,400
0.3,RandSplitForest,no,2.1245584158113067,400
0.3,RandSplitForest,no,2.1625092185464836,400
0.3,RandForest,no,1.7798223239490447,400
0.3,RandForest,no,4.062679628044837,400
0.3,RandForest,no,1.6766624646071113,400
0.3,RandForest,no,1.726694994003784,400
0.3,RandForest,no,1.9593002196792446,400
0.3,RandForest,no,6.105452853848528,400
0.3,RandForest,no,4.80446025360695,400
0.3,RandForest,no,2.0334862501740973,400
0.3,RandForest,no,1.5676615429705882,400
0.3,RandForest,no,1.823694826665388,400
0.3,RandForest,no,2.7038232912538542,400
0.3,RandForest,no,1.7324942939588253,400
0.3,RandForest,no,2.399901807121834,400
0.3,RandForest,no,5.241869256346992,400
0.3,RandForest,no,1.4968334068837565,400
0.3,RandForest,no,1.9667253540360008,400
0.3,RandForest,no,1.618005196791633,400
0.3,RandForest,no,2.5611774427662226,400
0.3,RandForest,no,6.290434274841321,400
0.3,RandForest,no,1.2681629236984757,400
0.3,RandForest,no,2.2241128344352434,400
0.3,RandForest,no,2.175025881648937,400
0.3,RandForest,no,1.825639007852037,400
0.3,RandForest,no,1.824625654113153,400
0.3,RandForest,no,2.0633239760370596,400
0.3,RandForest,no,1.6957731605209196,400
0.3,RandForest,no,1.5573651558940118,400
0.3,RandForest,no,1.7329176980209366,400
0.3,RandForest,no,1.7916087841519943,400
0.3,RandForest,no,2.2767146697681273,400
0.3,RandForest,no,1.878936390336263,400
0.3,RandForest,no,1.8912803779526022,400
0.3,RandForest,no,1.6651973668224864,400
0.3,RandForest,no,1.7428686070767263,400
0.3,RandForest,no,2.2512713688925774,400
0.3,RandForest,no,1.7641718227752174,400
0.3,RandForest,no,2.205577073190471,400
0.3,RandForest,no,1.728044189080853,400
0.3,RandForest,no,1.6470795823761342,400
0.3,RandForest,no,2.2838427742758487,400
0.3,RandForest,no,1.9194221710567154,400
0.3,RandForest,no,1.6052429893208597,400
0.3,RandForest,no,1.5601961232002308,400
0.3,RandForest,no,2.8255926831093947,400
0.3,RandForest,no,1.700579444956027,400
0.3,RandForest,no,1.8130531210092895,400
0.3,RandForest,no,1.9603962449178023,400
0.3,RandForest,no,1.4635532360604409,400
0.3,RandForest,no,1.5641693908225003,400
0.3,RandForest,no,1.7936284102095075,400
0.5,"StochOptForest
(apx-soln)",yes,1.2643255016467414,400
0.5,"StochOptForest
(apx-soln)",yes,1.265708410427265,400
0.5,"StochOptForest
(apx-soln)",yes,1.4052223796413434,400
0.5,"StochOptForest
(apx-soln)",yes,2.287845336319796,400
0.5,"StochOptForest
(apx-soln)",yes,1.405118654699268,400
0.5,"StochOptForest
(apx-soln)",yes,1.323244627803082,400
0.5,"StochOptForest
(apx-soln)",yes,1.2631769567720017,400
0.5,"StochOptForest
(apx-soln)",yes,1.437667492200771,400
0.5,"StochOptForest
(apx-soln)",yes,1.7123182802132095,400
0.5,"StochOptForest
(apx-soln)",yes,1.6917404363275799,400
0.5,"StochOptForest
(apx-soln)",yes,1.4335423411858357,400
0.5,"StochOptForest
(apx-soln)",yes,1.169712731549494,400
0.5,"StochOptForest
(apx-soln)",yes,1.2570787483697474,400
0.5,"StochOptForest
(apx-soln)",yes,1.264539108893295,400
0.5,"StochOptForest
(apx-soln)",yes,1.2101923679518325,400
0.5,"StochOptForest
(apx-soln)",yes,1.3544135554127215,400
0.5,"StochOptForest
(apx-soln)",yes,1.3014475038992717,400
0.5,"StochOptForest
(apx-soln)",yes,1.361435781324266,400
0.5,"StochOptForest
(apx-soln)",yes,1.509059040792759,400
0.5,"StochOptForest
(apx-soln)",yes,1.6074807814894507,400
0.5,"StochOptForest
(apx-soln)",yes,1.2685381295066407,400
0.5,"StochOptForest
(apx-soln)",yes,1.2457646224960386,400
0.5,"StochOptForest
(apx-soln)",yes,1.2726566398733081,400
0.5,"StochOptForest
(apx-soln)",yes,1.282143329417681,400
0.5,"StochOptForest
(apx-soln)",yes,1.3781706077448748,400
0.5,"StochOptForest
(apx-soln)",yes,1.365290115888645,400
0.5,"StochOptForest
(apx-soln)",yes,1.3563604260704056,400
0.5,"StochOptForest
(apx-soln)",yes,1.5512157390605281,400
0.5,"StochOptForest
(apx-soln)",yes,1.5101766144730178,400
0.5,"StochOptForest
(apx-soln)",yes,1.5139520485100177,400
0.5,"StochOptForest
(apx-soln)",yes,1.515930188258701,400
0.5,"StochOptForest
(apx-soln)",yes,1.2659612725494331,400
0.5,"StochOptForest
(apx-soln)",yes,1.7590566899458877,400
0.5,"StochOptForest
(apx-soln)",yes,1.4503773801256679,400
0.5,"StochOptForest
(apx-soln)",yes,1.5205935926649832,400
0.5,"StochOptForest
(apx-soln)",yes,1.4579246448914969,400
0.5,"StochOptForest
(apx-soln)",yes,1.6812378545966324,400
0.5,"StochOptForest
(apx-soln)",yes,1.9261772490148579,400
0.5,"StochOptForest
(apx-soln)",yes,1.3337656184231101,400
0.5,"StochOptForest
(apx-soln)",yes,1.4688876734935272,400
0.5,"StochOptForest
(apx-soln)",yes,1.331564702273239,400
0.5,"StochOptForest
(apx-soln)",yes,1.6141431205289327,400
0.5,"StochOptForest
(apx-soln)",yes,1.6069538418880394,400
0.5,"StochOptForest
(apx-soln)",yes,1.3373659690353878,400
0.5,"StochOptForest
(apx-soln)",yes,1.436512893820942,400
0.5,"StochOptForest
(apx-soln)",yes,1.3344339201983804,400
0.5,"StochOptForest
(apx-soln)",yes,1.4120023847040546,400
0.5,"StochOptForest
(apx-soln)",yes,1.3745131863128008,400
0.5,"StochOptForest
(apx-soln)",yes,1.2118468853640116,400
0.5,"StochOptForest
(apx-soln)",yes,1.31227184710797,400
0.5,"StochOptForest
(apx-soln)",no,2.3500933385595757,400
0.5,"StochOptForest
(apx-soln)",no,2.3518553393954282,400
0.5,"StochOptForest
(apx-soln)",no,2.4663699673190425,400
0.5,"StochOptForest
(apx-soln)",no,1.6368332942529527,400
0.5,"StochOptForest
(apx-soln)",no,1.7570549657083812,400
0.5,"StochOptForest
(apx-soln)",no,2.060380430202399,400
0.5,"StochOptForest
(apx-soln)",no,1.7789971907785733,400
0.5,"StochOptForest
(apx-soln)",no,2.110919267110616,400
0.5,"StochOptForest
(apx-soln)",no,3.4019766562081286,400
0.5,"StochOptForest
(apx-soln)",no,2.7151471628100934,400
0.5,"StochOptForest
(apx-soln)",no,1.519454252838658,400
0.5,"StochOptForest
(apx-soln)",no,2.3931894716832147,400
0.5,"StochOptForest
(apx-soln)",no,1.9931773252900513,400
0.5,"StochOptForest
(apx-soln)",no,2.671493501544875,400
0.5,"StochOptForest
(apx-soln)",no,2.2980382084761524,400
0.5,"StochOptForest
(apx-soln)",no,2.4169444946797642,400
0.5,"StochOptForest
(apx-soln)",no,2.334370018944326,400
0.5,"StochOptForest
(apx-soln)",no,2.6569055983352254,400
0.5,"StochOptForest
(apx-soln)",no,2.9374839749713164,400
0.5,"StochOptForest
(apx-soln)",no,1.8045566523178107,400
0.5,"StochOptForest
(apx-soln)",no,1.9891866842348824,400
0.5,"StochOptForest
(apx-soln)",no,2.326171590949614,400
0.5,"StochOptForest
(apx-soln)",no,2.439147761768508,400
0.5,"StochOptForest
(apx-soln)",no,2.395805267538803,400
0.5,"StochOptForest
(apx-soln)",no,1.8272364456542367,400
0.5,"StochOptForest
(apx-soln)",no,2.031998813200255,400
0.5,"StochOptForest
(apx-soln)",no,3.1921712298839386,400
0.5,"StochOptForest
(apx-soln)",no,3.33751063971989,400
0.5,"StochOptForest
(apx-soln)",no,2.5228270212754835,400
0.5,"StochOptForest
(apx-soln)",no,2.609433137400606,400
0.5,"StochOptForest
(apx-soln)",no,2.045130794816754,400
0.5,"StochOptForest
(apx-soln)",no,2.319421097154645,400
0.5,"StochOptForest
(apx-soln)",no,3.0883140754516303,400
0.5,"StochOptForest
(apx-soln)",no,2.4539095190163462,400
0.5,"StochOptForest
(apx-soln)",no,2.6758500043756577,400
0.5,"StochOptForest
(apx-soln)",no,3.0581912278310104,400
0.5,"StochOptForest
(apx-soln)",no,2.6298473324562193,400
0.5,"StochOptForest
(apx-soln)",no,2.692598048088188,400
0.5,"StochOptForest
(apx-soln)",no,2.5031978783019535,400
0.5,"StochOptForest
(apx-soln)",no,2.2499682222337363,400
0.5,"StochOptForest
(apx-soln)",no,2.2282164749224673,400
0.5,"StochOptForest
(apx-soln)",no,2.5252099257592104,400
0.5,"StochOptForest
(apx-soln)",no,3.188476939739087,400
0.5,"StochOptForest
(apx-soln)",no,2.031384648535886,400
0.5,"StochOptForest
(apx-soln)",no,2.5692154720488416,400
0.5,"StochOptForest
(apx-soln)",no,1.9993938102305961,400
0.5,"StochOptForest
(apx-soln)",no,2.094378292679835,400
0.5,"StochOptForest
(apx-soln)",no,2.0613035490029485,400
0.5,"StochOptForest
(apx-soln)",no,2.467405326639612,400
0.5,"StochOptForest
(apx-soln)",no,2.2478286515528527,400
0.5,"StochOptForest
(apx-risk)",yes,1.1655519592814483,400
0.5,"StochOptForest
(apx-risk)",yes,1.2733272888306248,400
0.5,"StochOptForest
(apx-risk)",yes,1.4035865246136672,400
0.5,"StochOptForest
(apx-risk)",yes,1.7811328031700517,400
0.5,"StochOptForest
(apx-risk)",yes,1.3499946729887697,400
0.5,"StochOptForest
(apx-risk)",yes,1.2616979356333564,400
0.5,"StochOptForest
(apx-risk)",yes,1.3246187847914397,400
0.5,"StochOptForest
(apx-risk)",yes,1.2711827365372474,400
0.5,"StochOptForest
(apx-risk)",yes,1.4841002855072611,400
0.5,"StochOptForest
(apx-risk)",yes,1.5030623146171795,400
0.5,"StochOptForest
(apx-risk)",yes,1.4239463225412288,400
0.5,"StochOptForest
(apx-risk)",yes,1.105761428389891,400
0.5,"StochOptForest
(apx-risk)",yes,1.516500169365481,400
0.5,"StochOptForest
(apx-risk)",yes,1.219851469956466,400
0.5,"StochOptForest
(apx-risk)",yes,1.2587841691879553,400
0.5,"StochOptForest
(apx-risk)",yes,1.253990739115784,400
0.5,"StochOptForest
(apx-risk)",yes,1.2580369146501311,400
0.5,"StochOptForest
(apx-risk)",yes,1.2781796857882417,400
0.5,"StochOptForest
(apx-risk)",yes,1.3408675235264806,400
0.5,"StochOptForest
(apx-risk)",yes,1.4357940388859558,400
0.5,"StochOptForest
(apx-risk)",yes,1.142644514551364,400
0.5,"StochOptForest
(apx-risk)",yes,1.144380800117257,400
0.5,"StochOptForest
(apx-risk)",yes,1.2551949460623468,400
0.5,"StochOptForest
(apx-risk)",yes,1.1750662595520789,400
0.5,"StochOptForest
(apx-risk)",yes,1.3600340083787406,400
0.5,"StochOptForest
(apx-risk)",yes,1.3588096773814335,400
0.5,"StochOptForest
(apx-risk)",yes,1.2051023634933187,400
0.5,"StochOptForest
(apx-risk)",yes,1.410122278069783,400
0.5,"StochOptForest
(apx-risk)",yes,1.4414584095548242,400
0.5,"StochOptForest
(apx-risk)",yes,1.8126374672921326,400
0.5,"StochOptForest
(apx-risk)",yes,1.2856416305625764,400
0.5,"StochOptForest
(apx-risk)",yes,1.2379220284667203,400
0.5,"StochOptForest
(apx-risk)",yes,1.6135033855214105,400
0.5,"StochOptForest
(apx-risk)",yes,1.3950786090913205,400
0.5,"StochOptForest
(apx-risk)",yes,1.4530283731861877,400
0.5,"StochOptForest
(apx-risk)",yes,1.392689202452505,400
0.5,"StochOptForest
(apx-risk)",yes,1.338822088209459,400
0.5,"StochOptForest
(apx-risk)",yes,1.7929847485996433,400
0.5,"StochOptForest
(apx-risk)",yes,1.342353848032637,400
0.5,"StochOptForest
(apx-risk)",yes,1.4189687701902973,400
0.5,"StochOptForest
(apx-risk)",yes,1.2036283327540023,400
0.5,"StochOptForest
(apx-risk)",yes,1.4114166334854001,400
0.5,"StochOptForest
(apx-risk)",yes,1.5684139730079087,400
0.5,"StochOptForest
(apx-risk)",yes,1.3448582153026734,400
0.5,"StochOptForest
(apx-risk)",yes,1.3703306096624852,400
0.5,"StochOptForest
(apx-risk)",yes,1.3301936725092802,400
0.5,"StochOptForest
(apx-risk)",yes,1.3419642166199905,400
0.5,"StochOptForest
(apx-risk)",yes,1.294014400499945,400
0.5,"StochOptForest
(apx-risk)",yes,1.152391327832185,400
0.5,"StochOptForest
(apx-risk)",yes,1.2422480721069187,400
0.5,"StochOptForest
(apx-risk)",no,1.1712993326161514,400
0.5,"StochOptForest
(apx-risk)",no,1.2634124284963404,400
0.5,"StochOptForest
(apx-risk)",no,1.1729551018598545,400
0.5,"StochOptForest
(apx-risk)",no,1.591545638916876,400
0.5,"StochOptForest
(apx-risk)",no,3.4374280664523815,400
0.5,"StochOptForest
(apx-risk)",no,1.1963794076275849,400
0.5,"StochOptForest
(apx-risk)",no,1.401629976785793,400
0.5,"StochOptForest
(apx-risk)",no,1.1384389141593554,400
0.5,"StochOptForest
(apx-risk)",no,1.328985347991513,400
0.5,"StochOptForest
(apx-risk)",no,1.4135931344834316,400
0.5,"StochOptForest
(apx-risk)",no,1.5674381168108982,400
0.5,"StochOptForest
(apx-risk)",no,1.081100796206547,400
0.5,"StochOptForest
(apx-risk)",no,4.695729172097676,400
0.5,"StochOptForest
(apx-risk)",no,1.2410653649866374,400
0.5,"StochOptForest
(apx-risk)",no,1.1973159476670483,400
0.5,"StochOptForest
(apx-risk)",no,1.1027304689364308,400
0.5,"StochOptForest
(apx-risk)",no,1.2061445517328204,400
0.5,"StochOptForest
(apx-risk)",no,1.2139043920439345,400
0.5,"StochOptForest
(apx-risk)",no,1.1166571362401352,400
0.5,"StochOptForest
(apx-risk)",no,1.3941298539081872,400
0.5,"StochOptForest
(apx-risk)",no,1.1327297559056206,400
0.5,"StochOptForest
(apx-risk)",no,1.1016163113004749,400
0.5,"StochOptForest
(apx-risk)",no,1.1175850319591336,400
0.5,"StochOptForest
(apx-risk)",no,1.12227790128674,400
0.5,"StochOptForest
(apx-risk)",no,1.2615396844220552,400
0.5,"StochOptForest
(apx-risk)",no,1.3178161692992225,400
0.5,"StochOptForest
(apx-risk)",no,1.1913310098314434,400
0.5,"StochOptForest
(apx-risk)",no,1.3151602566187262,400
0.5,"StochOptForest
(apx-risk)",no,1.2820355494466047,400
0.5,"StochOptForest
(apx-risk)",no,2.117013835271313,400
0.5,"StochOptForest
(apx-risk)",no,1.0967090456466455,400
0.5,"StochOptForest
(apx-risk)",no,1.1247959495249398,400
0.5,"StochOptForest
(apx-risk)",no,1.3464271583057734,400
0.5,"StochOptForest
(apx-risk)",no,1.2447240775716966,400
0.5,"StochOptForest
(apx-risk)",no,1.2198283567163122,400
0.5,"StochOptForest
(apx-risk)",no,1.3359141640616254,400
0.5,"StochOptForest
(apx-risk)",no,1.1673157752254468,400
0.5,"StochOptForest
(apx-risk)",no,1.2976208552728246,400
0.5,"StochOptForest
(apx-risk)",no,1.196578739720856,400
0.5,"StochOptForest
(apx-risk)",no,1.116213414288708,400
0.5,"StochOptForest
(apx-risk)",no,1.1983790833218861,400
0.5,"StochOptForest
(apx-risk)",no,1.3340032965045636,400
0.5,"StochOptForest
(apx-risk)",no,1.3563155374749183,400
0.5,"StochOptForest
(apx-risk)",no,1.2532236664735579,400
0.5,"StochOptForest
(apx-risk)",no,1.2277781290752157,400
0.5,"StochOptForest
(apx-risk)",no,1.1543753408709587,400
0.5,"StochOptForest
(apx-risk)",no,1.217756222350699,400
0.5,"StochOptForest
(apx-risk)",no,1.1743007033629826,400
0.5,"StochOptForest
(apx-risk)",no,1.1735256167508286,400
0.5,"StochOptForest
(apx-risk)",no,1.1018240609511243,400
0.5,RandSplitForest,no,2.0869337588348085,400
0.5,RandSplitForest,no,2.044281601719105,400
0.5,RandSplitForest,no,2.2226452788860644,400
0.5,RandSplitForest,no,1.4371734116584445,400
0.5,RandSplitForest,no,1.6516525609742014,400
0.5,RandSplitForest,no,1.8401599780301272,400
0.5,RandSplitForest,no,1.6575514819962194,400
0.5,RandSplitForest,no,1.8566667265129193,400
0.5,RandSplitForest,no,2.73892245708597,400
0.5,RandSplitForest,no,2.382369531414551,400
0.5,RandSplitForest,no,1.5390087266163845,400
0.5,RandSplitForest,no,2.0790710215543555,400
0.5,RandSplitForest,no,1.5840004411089845,400
0.5,RandSplitForest,no,2.22548992444236,400
0.5,RandSplitForest,no,1.910354912244221,400
0.5,RandSplitForest,no,2.075296084917172,400
0.5,RandSplitForest,no,2.01621223850168,400
0.5,RandSplitForest,no,2.2430548175640186,400
0.5,RandSplitForest,no,2.411007545555053,400
0.5,RandSplitForest,no,1.6960100111026275,400
0.5,RandSplitForest,no,1.8668890545657222,400
0.5,RandSplitForest,no,2.048080616177436,400
0.5,RandSplitForest,no,2.0930523622966146,400
0.5,RandSplitForest,no,1.9246239401071927,400
0.5,RandSplitForest,no,1.5043972251761573,400
0.5,RandSplitForest,no,1.8264550380344198,400
0.5,RandSplitForest,no,2.3925469783697673,400
0.5,RandSplitForest,no,2.909496631421682,400
0.5,RandSplitForest,no,2.1952875898593995,400
0.5,RandSplitForest,no,2.310188020880984,400
0.5,RandSplitForest,no,1.7398892018362955,400
0.5,RandSplitForest,no,2.1114387084854718,400
0.5,RandSplitForest,no,2.6505490333679504,400
0.5,RandSplitForest,no,2.094728825850844,400
0.5,RandSplitForest,no,2.255689603390474,400
0.5,RandSplitForest,no,2.6754331742740565,400
0.5,RandSplitForest,no,2.435921944003652,400
0.5,RandSplitForest,no,2.1723606770135175,400
0.5,RandSplitForest,no,2.223938087737053,400
0.5,RandSplitForest,no,1.9023530359599707,400
0.5,RandSplitForest,no,1.8722452737024178,400
0.5,RandSplitForest,no,1.9446122523772391,400
0.5,RandSplitForest,no,2.678150022669632,400
0.5,RandSplitForest,no,1.8615398742217948,400
0.5,RandSplitForest,no,2.1260357414833617,400
0.5,RandSplitForest,no,1.7507770414822086,400
0.5,RandSplitForest,no,1.8097856556077312,400
0.5,RandSplitForest,no,1.802883685925701,400
0.5,RandSplitForest,no,1.9803745311999916,400
0.5,RandSplitForest,no,1.7701187221328885,400
0.5,RandForest,no,1.766517754178831,400
0.5,RandForest,no,2.0000212421159542,400
0.5,RandForest,no,1.529283354958495,400
0.5,RandForest,no,1.4536591427946075,400
0.5,RandForest,no,3.754490708560181,400
0.5,RandForest,no,1.5302052217522517,400
0.5,RandForest,no,1.815861589958045,400
0.5,RandForest,no,1.5224900763003113,400
0.5,RandForest,no,2.015002445385522,400
0.5,RandForest,no,1.9086183073617315,400
0.5,RandForest,no,1.756003013806213,400
0.5,RandForest,no,1.6065509474624682,400
0.5,RandForest,no,1.6981919350856716,400
0.5,RandForest,no,1.7073749905521103,400
0.5,RandForest,no,1.5788664763883808,400
0.5,RandForest,no,1.5755375666885987,400
0.5,RandForest,no,1.5600961240806317,400
0.5,RandForest,no,1.9617918655040965,400
0.5,RandForest,no,1.588270136671031,400
0.5,RandForest,no,1.6785184786030416,400
0.5,RandForest,no,1.3450965597799003,400
0.5,RandForest,no,1.620194173886862,400
0.5,RandForest,no,2.0818304879577005,400
0.5,RandForest,no,100.13711346350964,400
0.5,RandForest,no,4.331997490554314,400
0.5,RandForest,no,1.9334882828805349,400
0.5,RandForest,no,1.8774470941229084,400
0.5,RandForest,no,1.9239283749419578,400
0.5,RandForest,no,1.5732644325568925,400
0.5,RandForest,no,2.0517333781674596,400
0.5,RandForest,no,1.809388490452657,400
0.5,RandForest,no,1.666006529080939,400
0.5,RandForest,no,7.619907061925538,400
0.5,RandForest,no,1.4763552363767491,400
0.5,RandForest,no,2.4229980244523395,400
0.5,RandForest,no,2.223350202404141,400
0.5,RandForest,no,1.993718001371422,400
0.5,RandForest,no,2.8274008324849014,400
0.5,RandForest,no,1.8606460564353429,400
0.5,RandForest,no,3.3971411000720355,400
0.5,RandForest,no,1.704138553206837,400
0.5,RandForest,no,1.57356295021276,400
0.5,RandForest,no,2.021103667364423,400
0.5,RandForest,no,1.6241915326102576,400
0.5,RandForest,no,1.9737741029437224,400
0.5,RandForest,no,1.397216464009662,400
0.5,RandForest,no,1.411076198505655,400
0.5,RandForest,no,1.6319091934635337,400
0.5,RandForest,no,1.746759958162131,400
0.5,RandForest,no,2.038370209247595,400
